,geo_point_2d,Ambulance,BikeAge,BikeAgeGrp,BikeAlcDrg,BikeInjury,BikeRace,BikeSex,City,County,Day of Week,CrashGrp,CrashHour,CrashLoc,CrashMonth,CrashSevr,CrashType,CrashYear,DrvrAge,DrvrAgeGrp,DrvrAlcDrg,DrvrAlcFlg,DrvrInjury,DrvrRace,DrvrSex,DrvrVehTyp,HitRun,LightCond,Locality,SpeedLimit,TraffCntrl,Weather,Workzone,SpeedLimit_upper_value,Age
107,"35.2467159998,-81.4257199999",Yes,46,40-49,.,K: Killed,White,Male,None - Rural Crash,Cleveland,Friday,Parallel Paths - Other Circumstances,12,Non-Intersection,January,K: Killed,Parallel Paths - Other / Unknown,2007,35,30-39,.,No,O: No Injury,White,Male,Tractor/Semi-Trailer,No,Daylight,Rural (<30% Developed),60 - 75 MPH,No Control Present,Clear,No,75,46
130,"35.9863780002,-82.6899900003",Yes,64,60-69,.,K: Killed,White,Male,None - Rural Crash,Madison,Sunday,Motorist Overtaking Bicyclist,13,Non-Intersection,March,K: Killed,Motorist Overtaking - Misjudged Space,2007,20,20-24,.,No,O: No Injury,White,Male,Pickup,No,Daylight,Rural (<30% Developed),50 - 55  MPH,"Double Yellow Line, No Passing Zone",Clear,No,55,64
147,"36.294113,-78.5467199997",Yes,45,40-49,.,K: Killed,Black,Male,None - Rural Crash,Granville,Sunday,Motorist Overtaking Bicyclist,22,Non-Intersection,April,K: Killed,Motorist Overtaking - Undetected Bicyclist,2007,999,Unknown,.,Missing,Unknown Injury,Unknown/Missing,Unknown,Unknown,Yes,Dark - Roadway Not Lighted,Mixed (30% To 70% Developed),20 - 25  MPH,No Control Present,Rain,No,25,45
214,"35.5845570001,-77.3623000005",Yes,29,25-29,.,K: Killed,White,Male,Greenville,Pitt,Saturday,Bicyclist Failed to Yield - Sign-Controlled Intersection,12,Intersection,March,K: Killed,Bicyclist Ride Out - Sign-Controlled Intersection,2008,19,0-19,.,No,O: No Injury,Hispanic,Male,Passenger Car,No,Daylight,Urban (>70% Developed),40 - 45  MPH,No Control Present,Clear,No,45,29
246,"35.8763660002,-78.5756699999",Yes,38,30-39,.,K: Killed,White,Male,Raleigh,Wake,Saturday,Motorist Overtaking Bicyclist,6,Non-Intersection,August,K: Killed,Motorist Overtaking - Undetected Bicyclist,2008,36,30-39,.,No,O: No Injury,Black,Male,Passenger Car,No,Dark - Roadway Not Lighted,Urban (>70% Developed),50 - 55  MPH,No Control Present,Cloudy,No,55,38
261,"34.1079300003,-77.9219800001",Yes,45,40-49,.,K: Killed,White,Male,None - Rural Crash,New Hanover,Tuesday,Motorist Right Turn / Merge,18,Non-Intersection,September,K: Killed,Motorist Right Turn - Same Direction,2008,19,0-19,.,No,O: No Injury,White,Male,Passenger Car,No,Daylight,Rural (<30% Developed),50 - 55  MPH,Other,Clear,No,55,45
270,"34.8021849997,-76.8782900003",Yes,28,25-29,.,K: Killed,White,Male,None - Rural Crash,Carteret,Wednesday,Motorist Overtaking Bicyclist,17,Non-Intersection,December,K: Killed,Motorist Overtaking - Other / Unknown,2008,21,20-24,.,No,O: No Injury,Black,Male,Passenger Car,No,Dark - Roadway Not Lighted,Mixed (30% To 70% Developed),50 - 55  MPH,No Control Present,Clear,No,55,28
311,"35.7214929998,-78.8649700004",Yes,51,50-59,.,K: Killed,White,Male,Apex,Wake,Saturday,Bicyclist Left Turn / Merge,11,Intersection,July,K: Killed,Bicyclist Left Turn - Opposite Direction,2009,29,25-29,.,No,O: No Injury,Black,Male,Passenger Car,No,Daylight,Urban (>70% Developed),40 - 45  MPH,No Control Present,Clear,No,45,51
348,"35.4026846496,-77.9716042402",Yes,34,30-39,No,K: Killed,White,Male,Goldsboro,Wayne,Thursday,Motorist Overtaking Bicyclist,19,Non-Intersection,March,K: Killed,Motorist Overtaking - Undetected Bicyclist,2010,72,70+,No,No,O: No Injury,Black,Male,Pickup,No,Dark - Roadway Not Lighted,Urban (>70% Developed),40 - 45  MPH,No Control Present,Clear,No,45,34
371,"36.2290972498,-79.2963211904",Yes,54,50-59,"Yes-Alcohol, impairment detected",K: Killed,Black,Male,None - Rural Crash,Alamance,Saturday,Motorist Overtaking Bicyclist,23,Non-Intersection,May,K: Killed,Motorist Overtaking - Other / Unknown,2010,43,40-49,"Yes-Alcohol, impairment detected",Yes,O: No Injury,White,Male,Pickup,No,Dark - Roadway Not Lighted,Rural (<30% Developed),50 - 55  MPH,No Control Present,"Fog, Smog, Smoke",No,55,54
390,"35.6921053202,-77.4491290204",Yes,16,16-19,No,K: Killed,Black,Male,None - Rural Crash,Pitt,Monday,Bicyclist Left Turn / Merge,13,Non-Intersection,June,K: Killed,Bicyclist Left Turn - Same Direction,2010,23,20-24,No,No,O: No Injury,White,Male,Passenger Car,No,Daylight,Mixed (30% To 70% Developed),50 - 55  MPH,No Control Present,Clear,No,55,16
450,"34.5900858703,-79.0428687502",Yes,51,50-59,"Yes-Alcohol, impairment suspected",K: Killed,Black,Female,Lumberton,Robeson,Friday,Bicyclist Failed to Yield - Midblock,23,Non-Intersection,June,K: Killed,Bicyclist Ride Out - Midblock - Unknown,2011,53,50-59,No,No,O: No Injury,Black,Male,Pickup,No,Dark - Roadway Not Lighted,Mixed (30% To 70% Developed),50 - 55  MPH,No Control Present,Clear,No,55,51
518,"34.7581521898,-79.4592750199",Yes,30,30-39,No,K: Killed,Black,Male,Laurinburg,Scotland,Wednesday,Loss of Control / Turning Error,8,Non-Intersection,May,K: Killed,Motorist Lost Control - Other / Unknown,2012,64,60-69,"Yes-Drugs, impairment suspected",No,O: No Injury,Black,Female,Passenger Car,No,Daylight,Urban (>70% Developed),30 - 35  MPH,No Control Present,Clear,No,35,30
556,"34.8007839297,-79.33855606",Yes,71,70+,No,K: Killed,Native American,Male,None - Rural Crash,Robeson,Thursday,Motorist Overtaking Bicyclist,17,Non-Intersection,November,K: Killed,Motorist Overtaking - Bicyclist Swerved,2012,78,70+,No,No,O: No Injury,White,Male,Pickup,No,Dark - Roadway Not Lighted,Mixed (30% To 70% Developed),50 - 55  MPH,No Control Present,Clear,No,55,71
612,"35.1931261401,-77.1319756704",Yes,69,60-69,No,K: Killed,White,Female,None - Rural Crash,Craven,Saturday,Bicyclist Left Turn / Merge,9,Intersection-Related,September,K: Killed,Bicyclist Left Turn - Same Direction,2013,64,60-69,No,No,O: No Injury,White,Male,"Single Unit Truck (2-Axle, 6-Tire)",No,Daylight,Rural (<30% Developed),50 - 55  MPH,"Double Yellow Line, No Passing Zone",Clear,No,55,69
790,"35.3717076201,-81.0958379799",Yes,16,16-19,No,K: Killed,White,Male,None - Rural Crash,Gaston,Thursday,Head-On,19,Non-Intersection,December,K: Killed,Head-On - Bicyclist,2014,16,0-19,No,No,O: No Injury,White,Female,Sport Utility,No,Dark - Roadway Not Lighted,Rural (<30% Developed),40 - 45  MPH,"Double Yellow Line, No Passing Zone",Clear,No,45,16
813,"36.1226229304,-77.3966347804",Yes,63,60-69,No,K: Killed,Black,Male,None - Rural Crash,Halifax,Friday,Motorist Overtaking Bicyclist,21,Non-Intersection,September,K: Killed,Motorist Overtaking - Other / Unknown,2014,25,25-29,No,No,O: No Injury,Black,Male,Passenger Car,No,Dark - Roadway Not Lighted,Rural (<30% Developed),50 - 55  MPH,No Control Present,Clear,No,55,63
852,"35.9788573599,-78.7637195099",Yes,66,60-69,Unknown,K: Killed,White,Male,None - Rural Crash,Durham,Tuesday,Motorist Overtaking Bicyclist,10,Non-Intersection,May,K: Killed,Motorist Overtaking - Other / Unknown,2016,33,30-39,Unknown,Unknown,O: No Injury,White,Male,Pickup,No,Daylight,Rural (<30% Developed),50 - 55  MPH,No Control Present,Clear,No,55,66
904,"34.1758201796,-77.8941120698",Yes,20,20-24,Unknown,K: Killed,White,Female,Wilmington,New Hanover,Monday,Motorist Failed to Yield - Sign-Controlled Intersection,17,Intersection,May,K: Killed,Motorist Drive Out - Sign-Controlled Intersection,2017,24,20-24,No,No,O: No Injury,Black,Male,Tractor/Semi-Trailer,No,Daylight,Urban (>70% Developed),20 - 25  MPH,Stop Sign,Clear,No,25,20
996,"34.9777950001,-80.7288900002",Yes,46,40-49,.,K: Killed,White,Male,Wesley Chapel,Union,Sunday,Head-On,15,Non-Intersection,January,K: Killed,Head-On - Motorist,2008,46,40-49,.,No,B: Suspected Minor Injury,White,Female,Van,No,Daylight,Rural (<30% Developed),30 - 35  MPH,"Double Yellow Line, No Passing Zone",Clear,No,35,46
1017,"34.7346600002,-77.5729450002",No,20,20-24,.,K: Killed,White,Male,None - Rural Crash,Onslow,Thursday,Motorist Overtaking Bicyclist,6,Non-Intersection,September,K: Killed,Motorist Overtaking - Undetected Bicyclist,2007,19,0-19,.,No,O: No Injury,White,Male,Passenger Car,No,Dark - Roadway Not Lighted,Rural (<30% Developed),40 - 45  MPH,"Double Yellow Line, No Passing Zone",Clear,No,45,20
1103,"35.6938699997,-80.8439699999",Yes,17,16-19,.,K: Killed,White,Male,None - Rural Crash,Iredell,Monday,Bicyclist Failed to Yield - Midblock,18,Non-Intersection,October,K: Killed,Bicyclist Ride Out - Midblock - Unknown,2008,62,60-69,.,No,B: Suspected Minor Injury,White,Female,Passenger Car,No,Dusk,Rural (<30% Developed),50 - 55  MPH,Stop Sign,Clear,No,55,17
1115,"35.3539600004,-77.4660199998",Yes,35,30-39,.,K: Killed,Black,Male,None - Rural Crash,Lenoir,Thursday,Motorist Overtaking Bicyclist,6,Non-Intersection,November,K: Killed,Motorist Overtaking - Other / Unknown,2008,29,25-29,.,No,O: No Injury,White,Male,"Single Unit Truck (2-Axle, 6-Tire)",No,Dark - Roadway Not Lighted,Mixed (30% To 70% Developed),60 - 75 MPH,No Control Present,Cloudy,No,75,35
1132,"35.009605,-79.0242500004",Yes,18,16-19,.,C: Possible Injury,White,Male,Fayetteville,Cumberland,Thursday,Motorist Overtaking Bicyclist,7,Non-Intersection,November,K: Killed,Motorist Overtaking - Other / Unknown,2009,44,40-49,.,No,B: Suspected Minor Injury,White,Male,Pickup,No,Daylight,Urban (>70% Developed),50 - 55  MPH,No Control Present,Cloudy,No,55,18
1148,"35.2106324502,-80.8012717102",Yes,64,60-69,No,K: Killed,Black,Male,Charlotte,Mecklenburg,Monday,Bicyclist Failed to Yield - Midblock,14,Non-Intersection,February,K: Killed,Bicyclist Ride Out - Other Midblock,2010,44,40-49,No,No,O: No Injury,Hispanic,Male,Passenger Car,No,Daylight,Urban (>70% Developed),50 - 55  MPH,No Control Present,Clear,No,55,64
1149,"35.6051980001,-77.3691199996",Yes,54,50-59,.,K: Killed,Black,Male,Greenville,Pitt,Thursday,Motorist Failed to Yield - Sign-Controlled Intersection,12,Intersection,March,K: Killed,Motorist Drive Out - Sign-Controlled Intersection,2009,26,25-29,.,No,O: No Injury,White,Male,Other Bus,No,Daylight,Urban (>70% Developed),30 - 35  MPH,Stop Sign,Cloudy,No,35,54
1162,"36.3075390601,-80.7165385698",Yes,14,11-15,No,B: Suspected Minor Injury,White,Male,None - Rural Crash,Surry,Tuesday,Loss of Control / Turning Error,17,Non-Intersection,May,K: Killed,Motorist Lost Control - Other / Unknown,2010,62,60-69,No,No,K: Killed,White,Male,Pickup,No,Daylight,Mixed (30% To 70% Developed),40 - 45  MPH,No Control Present,Clear,No,45,14
1186,"34.6623615301,-79.1196152205",Yes,47,40-49,"Yes-Alcohol and Drugs, impairment suspected",K: Killed,Native American,Male,None - Rural Crash,Robeson,Friday,Motorist Left Turn / Merge,20,Non-Intersection,September,K: Killed,Motorist Left Turn - Same Direction,2010,58,50-59,"Yes-Alcohol and Drugs, impairment suspected",Yes,B: Suspected Minor Injury,Native American,Female,Passenger Car,No,Dark - Roadway Not Lighted,Rural (<30% Developed),50 - 55  MPH,"Double Yellow Line, No Passing Zone",Clear,No,55,47
1213,"34.5798274404,-78.9378771595",Yes,25,25-29,No,B: Suspected Minor Injury,Asian,Male,Lumberton,Robeson,Saturday,Motorist Overtaking Bicyclist,21,Non-Intersection,April,K: Killed,Motorist Overtaking - Other / Unknown,2010,57,50-59,No,No,Unknown Injury,White,Female,Passenger Car,No,Dark - Roadway Not Lighted,Mixed (30% To 70% Developed),50 - 55  MPH,No Control Present,Rain,No,55,25
1235,"36.2843590998,-80.3906409305",Yes,49,40-49,No,B: Suspected Minor Injury,White,Male,None - Rural Crash,Stokes,Friday,Motorist Overtaking Bicyclist,7,Non-Intersection,July,K: Killed,Motorist Overtaking - Other / Unknown,2010,51,50-59,No,No,O: No Injury,White,Female,Sport Utility,No,Daylight,Rural (<30% Developed),40 - 45  MPH,"Double Yellow Line, No Passing Zone",Clear,No,45,49
1242,"35.8382022602,-82.7160316304",Yes,15,11-15,No,C: Possible Injury,White,Male,None - Rural Crash,Madison,Wednesday,Motorist Overtaking Bicyclist,21,Non-Intersection,May,K: Killed,Motorist Overtaking - Undetected Bicyclist,2011,29,25-29,No,No,O: No Injury,White,Male,Sport Utility,No,Dark - Roadway Not Lighted,Rural (<30% Developed),40 - 45  MPH,"Double Yellow Line, No Passing Zone",Clear,No,45,15
1250,"34.1309965302,-78.0991412902",Yes,60,60-69,No,K: Killed,White,Male,None - Rural Crash,Brunswick,Monday,Bicyclist Left Turn / Merge,14,Non-Intersection,June,K: Killed,Bicyclist Left Turn - Same Direction,2011,51,50-59,No,No,O: No Injury,White,Male,"Single Unit Truck (2-Axle, 6-Tire)",No,Daylight,Rural (<30% Developed),50 - 55  MPH,No Control Present,Clear,No,55,60
1258,"34.7551380699,-77.5516687002",Yes,57,50-59,Unknown,K: Killed,White,Male,None - Rural Crash,Onslow,Wednesday,Motorist Overtaking Bicyclist,16,Non-Intersection,July,K: Killed,Motorist Overtaking - Bicyclist Swerved,2011,52,50-59,No,No,O: No Injury,White,Male,Motorcycle,No,Daylight,Urban (>70% Developed),50 - 55  MPH,No Control Present,Clear,No,55,57
1323,"36.10032824,-79.5335595303",Yes,43,40-49,"Yes-Alcohol, impairment suspected",K: Killed,Black,Male,Gibsonville,Alamance,Sunday,Motorist Overtaking Bicyclist,20,Intersection-Related,July,K: Killed,Motorist Overtaking - Other / Unknown,2011,28,25-29,Unknown,Unknown,O: No Injury,White,Male,Unknown,Yes,Dark - Lighted Roadway,Urban (>70% Developed),30 - 35  MPH,Stop Sign,Cloudy,No,35,43
1331,"35.7412325903,-77.3592895",Yes,20,20-24,"Yes-Alcohol, impairment suspected",K: Killed,Black,Male,None - Rural Crash,Pitt,Thursday,Motorist Overtaking Bicyclist,3,Non-Intersection,September,K: Killed,Motorist Overtaking - Undetected Bicyclist,2011,59,50-59,No,No,C: Possible Injury,Black,Male,Passenger Car,No,Dark - Roadway Not Lighted,Rural (<30% Developed),50 - 55  MPH,No Control Present,Clear,No,55,20
1406,"35.0436938201,-78.9492258703",Yes,999,Unknown,No,K: Killed,White,Male,Fayetteville,Cumberland,Saturday,Parallel Paths - Other Circumstances,19,Non-Intersection,January,K: Killed,Bicyclist Ride Out - Parallel Path,2013,26,25-29,No,No,C: Possible Injury,White,Male,Passenger Car,No,Dark - Lighted Roadway,Urban (>70% Developed),40 - 45  MPH,No Control Present,Clear,No,45,0
1439,"35.7792860702,-78.1812053904",Yes,41,40-49,"Yes-Alcohol and Drugs, impairment suspected",K: Killed,White,Male,None - Rural Crash,Nash,Thursday,Bicyclist Right Turn / Merge,13,Non-Intersection,November,K: Killed,Bicyclist Right Turn - Same Direction,2012,45,40-49,No,No,O: No Injury,Black,Female,Passenger Car,No,Daylight,Rural (<30% Developed),50 - 55  MPH,No Control Present,Clear,No,55,41
1463,"35.0860419996,-78.8831690005",Yes,40,40-49,No,K: Killed,Black,Male,Fayetteville,Cumberland,Tuesday,Head-On,12,Intersection,April,K: Killed,Head-On - Motorist,2013,68,60-69,No,No,O: No Injury,Black,Female,Passenger Car,No,Daylight,Urban (>70% Developed),40 - 45  MPH,Stop Sign,Clear,No,45,40
1632,"34.3828964303,-79.1355875096",Yes,44,40-49,Unknown,K: Killed,Black,Female,None - Rural Crash,Robeson,Friday,Motorist Overtaking Bicyclist,20,Non-Intersection,September,K: Killed,Motorist Overtaking - Undetected Bicyclist,2015,63,60-69,No,No,O: No Injury,White,Male,Pickup,No,Dark - Roadway Not Lighted,Rural (<30% Developed),50 - 55  MPH,No Control Present,Cloudy,No,55,44
1710,"35.2396651902,-80.9255580903",Yes,60,60-69,"Yes-Alcohol, impairment suspected",K: Killed,White,Male,Charlotte,Mecklenburg,Sunday,Crossing Paths - Other Circumstances,15,Intersection,April,K: Killed,Crossing Paths - Uncontrolled Intersection,2017,54,50-59,No,No,O: No Injury,Black,Female,Van,No,Daylight,Urban (>70% Developed),40 - 45  MPH,No Control Present,Clear,No,45,60
1716,"36.06569413,-79.8189840704",Yes,25,25-29,"Yes-Alcohol, impairment suspected",K: Killed,White,Male,Greensboro,Guilford,Saturday,Head-On,1,Non-Intersection,June,K: Killed,Head-On - Bicyclist,2017,22,20-24,"Yes-Alcohol, impairment suspected",Yes,O: No Injury,Black,Female,Passenger Car,No,Dark - Lighted Roadway,Urban (>70% Developed),30 - 35  MPH,Stop Sign,Rain,No,35,25
1732,"35.4057667198,-78.8597985097",Yes,53,50-59,No,K: Killed,Black,Male,None - Rural Crash,Harnett,Thursday,Motorist Overtaking Bicyclist,8,Non-Intersection,August,K: Killed,Motorist Overtaking - Other / Unknown,2017,57,50-59,No,No,O: No Injury,White,Male,Pickup,No,Daylight,Mixed (30% To 70% Developed),50 - 55  MPH,No Control Present,Clear,No,55,53
1769,"35.7751323296,-78.3983223502",Yes,16,16-19,Unknown,K: Killed,Hispanic,Male,None - Rural Crash,Wake,Thursday,Motorist Overtaking Bicyclist,23,Non-Intersection,August,K: Killed,Motorist Overtaking - Other / Unknown,2017,999,Unknown,Missing,Missing,Unknown Injury,Unknown/Missing,Unknown,Unknown,Yes,Dark - Roadway Not Lighted,Mixed (30% To 70% Developed),40 - 45  MPH,"Double Yellow Line, No Passing Zone",Clear,No,45,16
1859,"34.2393129887,-77.8406839405",Yes,34,30-39,Unknown,K: Killed,White,Male,Wilmington,New Hanover,Friday,Motorist Left Turn/Merge,21,Intersection,October,K: Killed,Motorist Left Turn - Opposite Direction,2018,45,40-49,"Yes-Alcohol, impairment suspected",Yes,O: No Injury,White,Male,Pickup,No,Dark - Lighted Roadway,Urban (>70% Developed),20 - 25  MPH,Stop Sign,Cloudy,No,25,34
1883,"35.7204670004,-81.5724260002",Yes,16,16-19,.,K: Killed,White,Male,None - Rural Crash,Burke,Friday,Head-On,16,Non-Intersection,March,K: Killed,Head-On - Bicyclist,2007,50,50-59,.,No,O: No Injury,White,Male,Pickup,No,Daylight,Rural (<30% Developed),30 - 35  MPH,"Double Yellow Line, No Passing Zone",Clear,No,35,16
1907,"35.8831500001,-78.5100599998",Yes,15,11-15,.,K: Killed,Black,Female,None - Rural Crash,Wake,Tuesday,Bicyclist Failed to Yield - Signalized Intersection,19,Intersection,June,K: Killed,Bicyclist Ride Through - Signalized Intersection,2007,60,60-69,.,No,O: No Injury,White,Female,Sport Utility,No,Daylight,Mixed (30% To 70% Developed),40 - 45  MPH,Stop And Go Signal,Clear,No,45,15
1964,"36.2321199997,-80.3630899996",Yes,31,30-39,.,K: Killed,White,Male,Tobaccoville,Forsyth,Wednesday,Motorist Overtaking Bicyclist,12,Non-Intersection,August,K: Killed,Motorist Overtaking - Other / Unknown,2008,39,30-39,.,No,O: No Injury,White,Male,Sport Utility,No,Daylight,Mixed (30% To 70% Developed),40 - 45  MPH,"Double Yellow Line, No Passing Zone",Clear,No,45,31
1972,"36.2633499996,-77.9533099998",Yes,39,30-39,.,K: Killed,Native American,Female,None - Rural Crash,Halifax,Tuesday,Motorist Overtaking Bicyclist,19,Non-Intersection,September,K: Killed,Motorist Overtaking - Other / Unknown,2008,16,0-19,.,No,O: No Injury,Native American,Male,Passenger Car,No,Dark - Roadway Not Lighted,Mixed (30% To 70% Developed),40 - 45  MPH,"Double Yellow Line, No Passing Zone","Fog, Smog, Smoke",No,45,39
2003,"35.5867539999,-82.513695",Yes,19,16-19,.,K: Killed,White,Male,Asheville,Buncombe,Wednesday,Crossing Paths - Other Circumstances,22,Intersection,July,K: Killed,Signalized Intersection - Other / Unknown,2008,70+,70+,.,No,O: No Injury,White,Male,Sport Utility,No,Dark - Lighted Roadway,Urban (>70% Developed),40 - 45  MPH,Stop And Go Signal,Cloudy,No,45,19
2043,"35.4653300004,-80.8714449996",No,47,40-49,.,K: Killed,White,Male,Cornelius,Mecklenburg,Tuesday,Parallel Paths - Other Circumstances,13,Non-Intersection,August,K: Killed,Parallel Paths - Other / Unknown,2008,51,50-59,.,No,O: No Injury,White,Male,Passenger Car,No,Daylight,Urban (>70% Developed),40 - 45  MPH,No Control Present,Clear,No,45,47
2116,"36.0705148699,-77.7488374602",Yes,53,50-59,"Yes-Alcohol, impairment suspected",K: Killed,Black,Male,None - Rural Crash,Nash,Wednesday,Motorist Overtaking Bicyclist,20,Non-Intersection,September,K: Killed,Motorist Overtaking - Other / Unknown,2010,16,0-19,No,No,O: No Injury,White,Male,Sport Utility,No,Dark - Roadway Not Lighted,Rural (<30% Developed),50 - 55  MPH,No Control Present,Cloudy,No,55,53
2229,"35.4441308204,-79.1281352896",Yes,77,70+,No,K: Killed,Black,Male,Sanford,Lee,Saturday,Crossing Paths - Other Circumstances,17,Intersection-Related,December,K: Killed,Crossing Paths - Uncontrolled Intersection,2011,56,50-59,No,No,O: No Injury,White,Female,Passenger Car,No,Dark - Lighted Roadway,Urban (>70% Developed),50 - 55  MPH,Stop And Go Signal,Clear,No,55,77
2232,"34.7183064602,-77.3203373102",Yes,46,40-49,Unknown,K: Killed,White,Male,None - Rural Crash,Onslow,Thursday,Bicyclist Failed to Yield - Midblock,18,Non-Intersection,August,K: Killed,Bicyclist Ride Out - Commercial Driveway / Alley,2012,39,30-39,No,No,O: No Injury,White,Female,Pickup,No,Daylight,Urban (>70% Developed),40 - 45  MPH,Stop Sign,Clear,No,45,46
2234,"35.7569791597,-78.7217008498",Yes,44,40-49,"Yes-Alcohol and Drugs, impairment suspected",K: Killed,Black,Male,Raleigh,Wake,Monday,Motorist Overtaking Bicyclist,3,Non-Intersection,August,K: Killed,Motorist Overtaking - Other / Unknown,2012,33,30-39,No,No,O: No Injury,Black,Male,"Single Unit Truck (2-Axle, 6-Tire)",No,Dark - Roadway Not Lighted,Urban (>70% Developed),60 - 75 MPH,No Control Present,Cloudy,No,75,44
2252,"34.8097672698,-77.9433021204",Yes,61,60-69,"Yes-Alcohol, impairment detected",K: Killed,Black,Male,None - Rural Crash,Duplin,Tuesday,Motorist Overtaking Bicyclist,19,Non-Intersection,October,K: Killed,Motorist Overtaking - Undetected Bicyclist,2012,35,30-39,"Yes-Alcohol, impairment suspected",Yes,O: No Injury,White,Male,Unknown,Yes,Dawn,Rural (<30% Developed),50 - 55  MPH,No Control Present,Rain,No,55,61
2315,"36.3405175802,-79.6532709",Yes,50,50-59,No,K: Killed,Black,Male,Reidsville,Rockingham,Friday,Motorist Overtaking Bicyclist,14,Non-Intersection,March,K: Killed,Motorist Overtaking - Other / Unknown,2013,39,30-39,No,No,O: No Injury,White,Male,Passenger Car,No,Daylight,Urban (>70% Developed),40 - 45  MPH,"Double Yellow Line, No Passing Zone",Clear,No,45,50
2387,"35.2328147096,-80.8109338898",Yes,73,70+,No,K: Killed,White,Male,Charlotte,Mecklenburg,Sunday,Loss of Control / Turning Error,11,Intersection,September,K: Killed,Motorist Lost Control - Other / Unknown,2015,38,30-39,No,No,O: No Injury,White,Male,Pickup,No,Daylight,Urban (>70% Developed),30 - 35  MPH,Stop And Go Signal,Clear,No,35,73
2389,"35.3428462901,-80.8418978695",No,74,70+,No,K: Killed,White,Male,Charlotte,Mecklenburg,Wednesday,Bicyclist Left Turn / Merge,10,Non-Intersection,September,K: Killed,Bicyclist Left Turn - Same Direction,2015,52,50-59,Unknown,Unknown,O: No Injury,Black,Female,Commercial Bus,No,Daylight,Urban (>70% Developed),40 - 45  MPH,No Control Present,Clear,No,45,74
2498,"35.9966246497,-78.9211587096",Yes,52,50-59,No,K: Killed,White,Male,Durham,Durham,Saturday,Motorist Left Turn / Merge,19,Intersection,October,K: Killed,Motorist Left Turn - Opposite Direction,2014,84,70+,No,No,O: No Injury,Black,Male,Pickup,No,Daylight,Urban (>70% Developed),30 - 35  MPH,No Control Present,Clear,No,35,52
2587,"35.3875722504,-82.4813669395",Yes,71,70+,No,K: Killed,White,Male,None - Rural Crash,Henderson,Friday,Bicyclist Failed to Yield - Sign-Controlled Intersection,15,Intersection,April,K: Killed,Bicyclist Ride Through - Sign-Controlled Intersection,2016,48,40-49,No,No,O: No Injury,White,Female,Sport Utility,No,Daylight,Mixed (30% To 70% Developed),30 - 35  MPH,Stop Sign,Clear,No,35,71
2590,"34.2282733596,-77.92652041",Yes,59,50-59,"Yes-Alcohol, impairment suspected",K: Killed,White,Male,Wilmington,New Hanover,Wednesday,Loss of Control / Turning Error,16,Intersection,May,K: Killed,Bicylist Lost Control - Alcohol / Drug Impairment,2017,41,40-49,No,No,O: No Injury,White,Male,Pickup,No,Daylight,Urban (>70% Developed),20 - 25  MPH,Stop Sign,Clear,No,25,59
2596,"33.9708471402,-78.3269321005",Yes,17,16-19,No,K: Killed,White,Male,None - Rural Crash,Brunswick,Wednesday,Motorist Overtaking Bicyclist,12,Non-Intersection,July,K: Killed,Motorist Overtaking - Other / Unknown,2017,42,40-49,"Yes-Alcohol and Drugs, impairment suspected",Yes,O: No Injury,White,Male,Passenger Car,No,Daylight,Mixed (30% To 70% Developed),40 - 45  MPH,"Double Yellow Line, No Passing Zone",Clear,No,45,17
2601,"36.2058413799,-75.8652785005",Yes,16,16-19,Unknown,K: Killed,White,Male,None - Rural Crash,Currituck,Monday,Motorist Overtaking Bicyclist,0,Non-Intersection,June,K: Killed,Motorist Overtaking - Undetected Bicyclist,2016,59,50-59,No,No,O: No Injury,White,Male,Tractor/Semi-Trailer,No,Dark - Roadway Not Lighted,Rural (<30% Developed),50 - 55  MPH,No Control Present,Clear,No,55,16
2654,"35.8461900393,-77.6875416295",Yes,8,6-10,Unknown,K: Killed,Black,Male,None - Rural Crash,Edgecombe,Monday,Bicyclist Failed to Yieldâ€”Midblock,16,Non-Intersection,August,K: Killed,Bicyclist Ride Out - Residential Driveway,2018,77,70+,No,No,O: No Injury,White,Male,Passenger Car,No,Daylight,Rural (<30% Developed),50 - 55  MPH,No Control Present,Clear,No,55,8
2655,"35.2218915803,-82.3182475495",Yes,62,60-69,No,K: Killed,White,Male,None - Rural Crash,Polk,Saturday,Motorist Left Turn / Merge,9,Intersection,July,K: Killed,Motorist Left Turn - Opposite Direction,2017,70,70+,No,No,O: No Injury,White,Female,Passenger Car,No,Daylight,Rural (<30% Developed),40 - 45  MPH,"Double Yellow Line, No Passing Zone",Clear,No,45,62
2657,"34.6211230799,-78.9889480702",Yes,17,16-19,No,K: Killed,White,Male,Lumberton,Robeson,Thursday,Bicyclist Left Turn / Merge,12,Intersection-Related,July,K: Killed,Bicyclist Left Turn - Same Direction,2017,30,30-39,No,No,O: No Injury,White,Female,Sport Utility,No,Daylight,Urban (>70% Developed),30 - 35  MPH,No Control Present,Clear,No,35,17
2693,"35.1854574168,-80.8348512196",Yes,55,50-59,Missing,K: Killed,White,Female,Charlotte,Mecklenburg,Saturday,Motorist Left Turn/Merge,10,Intersection,April,K: Killed,Motorist Left Turn - Opposite Direction,2018,69,60-69,Unknown,Unknown,O: No Injury,White,Female,Sport Utility,No,Daylight,Urban (>70% Developed),30 - 35  MPH,No Control Present,Clear,No,35,55
2696,"35.5644538102,-81.0646674596",Yes,57,50-59,No,K: Killed,White,Male,None - Rural Crash,Catawba,Sunday,Motorist Overtaking Bicyclist,17,Non-Intersection,October,K: Killed,Motorist Overtaking - Other / Unknown,2017,24,20-24,No,No,O: No Injury,White,Male,Pickup,No,Daylight,Rural (<30% Developed),50 - 55  MPH,No Control Present,Clear,No,55,57
2711,"35.2755016752,-80.9381450601",Yes,60,60-69,Missing,K: Killed,White,Male,None - Rural Crash,Mecklenburg,Saturday,Motorist Overtaking Bicyclist,20,Non-Intersection,July,K: Killed,Motorist Overtaking - Other / Unknown,2018,999,Unknown,Missing,Missing,Unknown Injury,Unknown/Missing,Unknown,Unknown,Yes,Dusk,Mixed (30% To 70% Developed),30 - 35  MPH,No Control Present,Clear,No,35,60
2793,"36.2070528652,-77.2476894996",Yes,67,60-69,No,K: Killed,White,Male,Roxobel,Bertie,Thursday,Loss of Control/Turning Error,15,Non-Intersection,February,K: Killed,Motorist Lost Control - Other / Unknown,2018,62,60-69,Unknown,Unknown,C: Possible Injury,Black,Male,Passenger Car,No,Daylight,Rural (<30% Developed),50 - 55  MPH,No Control Present,Clear,No,55,67
2847,"34.2660085329,-77.9210376501",No,30,30-39,No,K: Killed,White,Male,None - Rural Crash,New Hanover,Tuesday,Loss of Control/Turning Error,17,Non-Intersection,October,K: Killed,Bicyclist Lost Control - Other / Unknown,2018,51,50-59,No,No,O: No Injury,White,Male,Single Unit Truck (3 Or More Axles),No,Daylight,Urban (>70% Developed),40 - 45  MPH,"Double Yellow Line, No Passing Zone",Clear,No,45,30
2894,"34.7536469998,-77.3809500002",Yes,58,50-59,.,K: Killed,Black,Male,Jacksonville,Onslow,Friday,Bicyclist Failed to Yield - Midblock,21,Non-Intersection,November,K: Killed,Bicyclist Ride Out - Other Midblock,2008,19,0-19,.,No,O: No Injury,White,Male,Passenger Car,No,Dark - Roadway Not Lighted,Urban (>70% Developed),40 - 45  MPH,Missing,Clear,No,45,58
2908,"35.6082800004,-81.1173399996",Yes,42,40-49,.,K: Killed,White,Male,None - Rural Crash,Catawba,Saturday,Bicyclist Left Turn / Merge,22,Non-Intersection,April,K: Killed,Bicyclist Left Turn - Same Direction,2009,24,20-24,.,No,O: No Injury,White,Female,Sport Utility,No,Dark - Roadway Not Lighted,Urban (>70% Developed),50 - 55  MPH,"Double Yellow Line, No Passing Zone",Clear,No,55,42
2928,"35.0582430002,-78.9928359996",No,23,20-24,.,K: Killed,Black,Male,Fayetteville,Cumberland,Friday,Crossing Paths - Other Circumstances,21,Intersection-Related,July,K: Killed,Sign-Controlled Intersection - Other / Unknown,2009,16,0-19,.,No,C: Possible Injury,Black,Female,Passenger Car,No,Dark - Lighted Roadway,Urban (>70% Developed),50 - 55  MPH,Stop And Go Signal,Clear,No,55,23
2985,"36.2841450001,-76.2357800001",Yes,47,40-49,.,K: Killed,Black,Male,Elizabeth City,Pasquotank,Monday,Motorist Overtaking Bicyclist,1,Non-Intersection,April,K: Killed,Motorist Overtaking - Other / Unknown,2009,24,20-24,.,No,O: No Injury,Black,Female,Passenger Car,No,Dark - Lighted Roadway,Urban (>70% Developed),50 - 55  MPH,No Control Present,Clear,No,55,47
3117,"36.0270567603,-77.9642814804",Yes,55,50-59,No,K: Killed,Black,Male,None - Rural Crash,Nash,Friday,Motorist Overtaking Bicyclist,13,Non-Intersection,November,K: Killed,Motorist Overtaking - Other / Unknown,2010,32,30-39,No,No,O: No Injury,Black,Female,"Light Truck (Mini-Van, Panel)",No,Daylight,Rural (<30% Developed),40 - 45  MPH,No Control Present,Clear,No,45,55
3225,"35.3057946504,-78.6186624705",Yes,8,6-10,No,K: Killed,Black,Male,Dunn,Harnett,Sunday,Bicyclist Failed to Yield - Sign-Controlled Intersection,15,Intersection,March,K: Killed,Bicyclist Ride Through - Sign-Controlled Intersection,2012,18,0-19,No,No,O: No Injury,Native American,Female,Passenger Car,No,Daylight,Urban (>70% Developed),30 - 35  MPH,Stop Sign,Cloudy,No,35,8
3349,"35.7755756303,-78.6383177199",No,37,30-39,"Yes-Alcohol, impairment suspected",K: Killed,Black,Male,Raleigh,Wake,Wednesday,Bicyclist Failed to Yield - Signalized Intersection,23,Intersection,September,K: Killed,Bicyclist Ride Through - Signalized Intersection,2013,52,50-59,No,No,O: No Injury,Black,Male,Other Bus,No,Dark - Lighted Roadway,Urban (>70% Developed),30 - 35  MPH,Stop And Go Signal,Clear,No,35,37
3351,"36.2498742201,-79.6633326801",Yes,58,50-59,"Yes-Alcohol, impairment suspected",K: Killed,Black,Male,None - Rural Crash,Rockingham,Thursday,Bicyclist Failed to Yield - Sign-Controlled Intersection,19,Intersection,October,K: Killed,Bicyclist Ride Through - Sign-Controlled Intersection,2013,41,40-49,No,No,B: Suspected Minor Injury,White,Male,Sport Utility,No,Dark - Roadway Not Lighted,Rural (<30% Developed),50 - 55  MPH,Stop Sign,Clear,No,55,58
3408,"35.00688851,-79.1771172298",No,27,25-29,Unknown,K: Killed,Black,Male,None - Rural Crash,Hoke,Monday,Bicyclist Failed to Yield - Midblock,22,Non-Intersection,September,K: Killed,Bicyclist Ride Out - Other Midblock,2014,32,30-39,No,No,O: No Injury,Black,Male,Single Unit Truck (3 Or More Axles),No,Dark - Roadway Not Lighted,Mixed (30% To 70% Developed),50 - 55  MPH,No Control Present,Cloudy,No,55,27
3426,"34.6361502796,-79.2113738204",Yes,13,11-15,No,K: Killed,Native American,Male,None - Rural Crash,Robeson,Saturday,Head-On,11,Non-Intersection,May,K: Killed,Head-On - Motorist,2015,25,25-29,No,No,O: No Injury,Native American,Male,Passenger Car,No,Daylight,Mixed (30% To 70% Developed),50 - 55  MPH,"Double Yellow Line, No Passing Zone",Clear,No,55,13
3468,"34.9550682399,-78.8370707896",Yes,29,25-29,"Yes-Alcohol, impairment suspected",K: Killed,White,Male,None - Rural Crash,Cumberland,Sunday,Motorist Overtaking Bicyclist,19,Non-Intersection,December,K: Killed,Motorist Overtaking - Undetected Bicyclist,2015,45,40-49,"Yes-Alcohol, impairment suspected",Yes,C: Possible Injury,White,Male,Van,No,Dark - Roadway Not Lighted,Rural (<30% Developed),50 - 55  MPH,No Control Present,Clear,No,55,29
3504,"35.9489915404,-75.61948721",Yes,66,60-69,No,K: Killed,White,Male,Nags Head,Dare,Saturday,Bicyclist Failed to Yield - Midblock,20,Non-Intersection,August,K: Killed,Bicyclist Ride Out - Other Midblock,2016,48,40-49,No,No,O: No Injury,White,Male,Pickup,No,Dusk,Mixed (30% To 70% Developed),30 - 35  MPH,No Control Present,Clear,No,35,66
3520,"35.5975245104,-78.1259607802",Yes,42,40-49,"Yes-Alcohol and Drugs, impairment suspected",K: Killed,Black,Male,Kenly,Johnston,Friday,Crossing Paths - Other Circumstances,0,Intersection-Related,April,K: Killed,Crossing Paths - Intersection - Other / Unknown,2017,18,0-19,No,No,O: No Injury,Hispanic,Male,Pickup,No,Dark - Roadway Not Lighted,Urban (>70% Developed),30 - 35  MPH,No Control Present,Clear,No,35,42
3567,"35.3537235604,-82.4275485295",Yes,25,25-29,No,K: Killed,White,Female,None - Rural Crash,Henderson,Tuesday,Motorist Overtaking Bicyclist,6,Non-Intersection,September,K: Killed,Motorist Overtaking - Undetected Bicyclist,2015,65,60-69,No,No,O: No Injury,White,Male,Pickup,No,Dark - Roadway Not Lighted,Mixed (30% To 70% Developed),50 - 55  MPH,No Control Present,Cloudy,No,55,25
3579,"34.9850328996,-79.19006656",No,55,50-59,Unknown,K: Killed,Black,Male,None - Rural Crash,Hoke,Saturday,Motorist Overtaking Bicyclist,18,Non-Intersection,January,K: Killed,Motorist Overtaking - Undetected Bicyclist,2016,20,20-24,No,No,O: No Injury,White,Male,Sport Utility,No,Dark - Roadway Not Lighted,Rural (<30% Developed),40 - 45  MPH,"Double Yellow Line, No Passing Zone",Clear,No,45,55
3597,"35.9589507502,-79.9786158101",Yes,40,40-49,Unknown,K: Killed,Black,Male,High Point,Guilford,Saturday,Parallel Paths - Other Circumstances,9,Non-Intersection,May,K: Killed,Parallel Paths - Other / Unknown,2016,41,40-49,Unknown,Unknown,O: No Injury,Black,Male,Unknown,Yes,Dark - Lighted Roadway,Urban (>70% Developed),30 - 35  MPH,No Control Present,Clear,No,35,40
3637,"35.1925850098,-80.7797220501",Yes,34,30-39,"Yes-Alcohol, impairment suspected",K: Killed,Hispanic,Male,Charlotte,Mecklenburg,Monday,Motorist Overtaking Bicyclist,18,Non-Intersection,January,K: Killed,Motorist Overtaking - Undetected Bicyclist,2017,19,0-19,No,No,O: No Injury,White,Male,Passenger Car,No,Dark - Lighted Roadway,Urban (>70% Developed),40 - 45  MPH,No Control Present,"Fog, Smog, Smoke",No,45,34
3661,"35.4014376003,-79.5770908498",Yes,65,60-69,No,K: Killed,White,Male,None - Rural Crash,Moore,Tuesday,Motorist Overtaking Bicyclist,17,Non-Intersection,October,K: Killed,Motorist Overtaking - Undetected Bicyclist,2017,68,60-69,No,No,C: Possible Injury,White,Female,Passenger Car,No,Dusk,Rural (<30% Developed),50 - 55  MPH,"Double Yellow Line, No Passing Zone",Clear,No,55,65
3667,"35.0876253698,-80.8531072504",Yes,57,50-59,Missing,K: Killed,White,Male,Charlotte,Mecklenburg,Sunday,Motorist Failed to Yield - Signalized Intersection,14,Intersection,December,K: Killed,Motorist Drive Through - Signalized Intersection,2017,18,0-19,No,No,C: Possible Injury,Black,Female,Passenger Car,No,Dusk,Urban (>70% Developed),40 - 45  MPH,Stop And Go Signal,Cloudy,No,45,57
3722,"34.7318530003,-77.3495600004",Yes,18,16-19,.,K: Killed,White,Male,Jacksonville,Onslow,Saturday,Motorist Overtaking Bicyclist,23,Non-Intersection,June,K: Killed,Motorist Overtaking - Undetected Bicyclist,2008,23,20-24,.,Yes,O: No Injury,Hispanic,Male,Passenger Car,Yes,Dark - Roadway Not Lighted,Urban (>70% Developed),50 - 55  MPH,No Control Present,Clear,No,55,18
3843,"35.2055999999,-80.8693849996",Yes,13,11-15,.,K: Killed,Black,Female,Charlotte,Mecklenburg,Friday,Other / Unknown - Insufficient Details,15,Intersection,May,K: Killed,Unknown Approach Paths,2008,33,30-39,.,No,O: No Injury,Black,Female,School Bus,No,Daylight,Urban (>70% Developed),30 - 35  MPH,Stop And Go Signal,Clear,No,35,13
3844,"35.1366459999,-76.8616999998",Yes,52,50-59,.,K: Killed,Black,Male,None - Rural Crash,Pamlico,Sunday,Motorist Overtaking Bicyclist,18,Non-Intersection,February,K: Killed,Motorist Overtaking - Other / Unknown,2009,36,30-39,.,No,C: Possible Injury,Asian,Female,Sport Utility,No,Dark - Roadway Not Lighted,Rural (<30% Developed),50 - 55  MPH,No Control Present,Clear,No,55,52
3871,"36.3548499997,-76.5595860003",Yes,70+,70+,.,K: Killed,Black,Male,None - Rural Crash,Gates,Thursday,Bicyclist Failed to Yield - Sign-Controlled Intersection,17,Intersection,July,K: Killed,Bicyclist Ride Out - Sign-Controlled Intersection,2008,27,25-29,.,No,O: No Injury,White,Male,Pickup,No,Daylight,Mixed (30% To 70% Developed),50 - 55  MPH,Stop Sign,Clear,No,55,70
3975,"35.9228775799,-81.55208791",Yes,16,16-19,No,K: Killed,White,Male,Lenoir,Caldwell,Tuesday,Bicyclist Failed to Yield - Sign-Controlled Intersection,18,Intersection,March,K: Killed,Bicyclist Ride Through - Sign-Controlled Intersection,2010,36,30-39,No,No,O: No Injury,White,Male,Pickup,No,Daylight,Urban (>70% Developed),30 - 35  MPH,Stop Sign,Clear,No,35,16
3980,"35.9876532004,-81.9480284905",Yes,19,16-19,No,K: Killed,White,Female,None - Rural Crash,Avery,Thursday,Head-On,14,Non-Intersection,December,K: Killed,Head-On - Motorist,2011,19,0-19,Unknown,Unknown,O: No Injury,White,Male,Pickup,No,Daylight,Mixed (30% To 70% Developed),40 - 45  MPH,"Double Yellow Line, No Passing Zone",Cloudy,No,45,19
4006,"35.9247825397,-79.1195986403",Yes,51,50-59,"Yes-Alcohol and Drugs, impairment suspected",K: Killed,Black,Male,None - Rural Crash,Orange,Sunday,Motorist Overtaking Bicyclist,0,Non-Intersection,June,K: Killed,Motorist Overtaking - Other / Unknown,2012,27,25-29,No,No,O: No Injury,Black,Female,Passenger Car,No,Dark - Roadway Not Lighted,Rural (<30% Developed),50 - 55  MPH,"Double Yellow Line, No Passing Zone",Clear,No,55,51
4051,"35.2417950197,-80.9843426605",Yes,48,40-49,Unknown,K: Killed,White,Male,Charlotte,Mecklenburg,Friday,Motorist Overtaking Bicyclist,12,Non-Intersection,October,K: Killed,Motorist Overtaking - Bicyclist Swerved,2010,20,20-24,No,No,O: No Injury,Asian,Male,Pickup,No,Daylight,Urban (>70% Developed),50 - 55  MPH,No Control Present,Clear,No,55,48
4059,"35.6003077299,-82.5315603796",Yes,35,30-39,Unknown,K: Killed,White,Female,Asheville,Buncombe,Friday,Motorist Overtaking Bicyclist,18,Non-Intersection,November,K: Killed,Motorist Overtaking - Undetected Bicyclist,2010,48,40-49,No,No,O: No Injury,White,Female,Passenger Car,No,Dark - Roadway Not Lighted,Urban (>70% Developed),30 - 35  MPH,"Double Yellow Line, No Passing Zone",Cloudy,No,35,35
4063,"35.04009824,-80.6010378604",No,46,40-49,No,K: Killed,White,Male,Monroe,Union,Thursday,Motorist Overtaking Bicyclist,23,Non-Intersection,January,K: Killed,Motorist Overtaking - Other / Unknown,2011,31,30-39,"Yes-Alcohol, impairment suspected",Yes,O: No Injury,White,Male,Passenger Car,No,Dark - Lighted Roadway,Urban (>70% Developed),40 - 45  MPH,No Control Present,Clear,No,45,46
4183,"34.8925332798,-76.9239764095",Yes,50,50-59,No,K: Killed,White,Male,Havelock,Craven,Friday,Crossing Paths - Other Circumstances,22,Non-Intersection,May,K: Killed,Crossing Paths - Midblock - Other / Unknown,2012,49,40-49,No,No,C: Possible Injury,Black,Male,Passenger Car,No,Dark - Roadway Not Lighted,Urban (>70% Developed),50 - 55  MPH,No Control Present,Clear,No,55,50
4215,"35.8830621498,-77.0256071005",Yes,40,40-49,No,K: Killed,Black,Male,None - Rural Crash,Bertie,Tuesday,Motorist Overtaking Bicyclist,17,Non-Intersection,October,K: Killed,Motorist Overtaking - Other / Unknown,2012,28,25-29,Unknown,Unknown,O: No Injury,White,Male,Pickup,No,Daylight,Rural (<30% Developed),50 - 55  MPH,No Control Present,Clear,No,55,40
4286,"35.7989273204,-80.8819796002",Yes,52,50-59,No,K: Killed,White,Male,Statesville,Iredell,Thursday,Motorist Failed to Yield - Sign-Controlled Intersection,18,Intersection,April,K: Killed,Motorist Drive Out - Sign-Controlled Intersection,2014,33,30-39,No,No,O: No Injury,White,Male,Sport Utility,No,Daylight,Urban (>70% Developed),30 - 35  MPH,Stop Sign,Clear,No,35,52
4297,"35.3728547696,-83.5634111601",Yes,84,70+,No,K: Killed,White,Male,None - Rural Crash,Swain,Friday,Motorist Overtaking Bicyclist,17,Non-Intersection,September,K: Killed,Motorist Overtaking - Other / Unknown,2013,53,50-59,No,No,O: No Injury,White,Female,Passenger Car,No,Daylight,Rural (<30% Developed),50 - 55  MPH,No Control Present,Clear,No,55,84
4324,"36.1700707698,-81.8489874195",Yes,66,60-69,No,K: Killed,Hispanic,Male,None - Rural Crash,Avery,Sunday,Loss of Control / Turning Error,15,Non-Intersection,August,K: Killed,Bicyclist Lost Control - Mechanical Problems,2015,27,25-29,No,No,O: No Injury,White,Male,Pickup,No,Daylight,Rural (<30% Developed),30 - 35  MPH,"Double Yellow Line, No Passing Zone",Rain,No,35,66
4338,"35.7182845898,-81.6617706504",No,55,50-59,"Yes-Alcohol, impairment suspected",K: Killed,White,Male,None - Rural Crash,Burke,Thursday,Motorist Overtaking Bicyclist,17,Non-Intersection,November,K: Killed,Motorist Overtaking - Other / Unknown,2015,999,Unknown,Missing,Missing,Unknown Injury,Unknown/Missing,Unknown,Unknown,Yes,Dusk,Rural (<30% Developed),30 - 35  MPH,"Double Yellow Line, No Passing Zone",Clear,No,35,55
4342,"34.7194058398,-79.0483354502",Yes,55,50-59,No,K: Killed,Native American,Male,None - Rural Crash,Robeson,Monday,Motorist Overtaking Bicyclist,17,Non-Intersection,December,K: Killed,Motorist Overtaking - Other / Unknown,2015,66,60-69,No,No,O: No Injury,Native American,Male,Pickup,No,Dark - Roadway Not Lighted,Rural (<30% Developed),50 - 55  MPH,No Control Present,Clear,No,55,55
4583,"35.8289929698,-78.6485463605",Yes,58,50-59,Unknown,K: Killed,White,Male,Raleigh,Wake,Thursday,Motorist Left Turn / Merge,18,Intersection,May,K: Killed,Motorist Left Turn - Opposite Direction,2013,81,70+,Unknown,Unknown,O: No Injury,White,Male,Passenger Car,No,Daylight,Urban (>70% Developed),30 - 35  MPH,No Control Present,Cloudy,No,35,58
4638,"35.3145069004,-79.0217914196",Yes,15,11-15,No,B: Suspected Minor Injury,Black,Female,None - Rural Crash,Harnett,Monday,Motorist Overtaking Bicyclist,21,Non-Intersection,June,K: Killed,Motorist Overtaking - Undetected Bicyclist,2016,25,25-29,No,No,C: Possible Injury,White,Male,Passenger Car,No,Dark - Roadway Not Lighted,Rural (<30% Developed),50 - 55  MPH,No Control Present,Clear,No,55,15
4738,"36.4709669002,-76.3383527402",Yes,81,70+,No,K: Killed,White,Male,None - Rural Crash,Camden,Sunday,Motorist Overtaking Bicyclist,17,Intersection,October,K: Killed,Motorist Overtaking - Other / Unknown,2017,33,30-39,"Yes-Drugs, impairment detected",No,O: No Injury,White,Female,Passenger Car,No,Daylight,Rural (<30% Developed),50 - 55  MPH,Stop Sign,Clear,No,55,81
4774,"35.94645958,-78.9682391304",No,67,60-69,No,K: Killed,Hispanic,Male,Durham,Durham,Wednesday,Motorist Overtaking Bicyclist,22,Non-Intersection,December,K: Killed,Motorist Overtaking - Other / Unknown,2017,999,Unknown,Missing,Missing,Unknown Injury,Unknown/Missing,Unknown,Passenger Car,Yes,Dark - Roadway Not Lighted,Urban (>70% Developed),30 - 35  MPH,No Control Present,Clear,No,35,67
4780,"35.8906912234,-81.5768462003",Yes,64,60-69,No,K: Killed,Black,Male,Lenoir,Caldwell,Wednesday,Motorist Right Turn/Merge,17,Non-Intersection,January,K: Killed,Motorist Right Turn - Same Direction,2018,52,50-59,No,No,O: No Injury,White,Male,Pickup,No,Dusk,Urban (>70% Developed),50 - 55  MPH,No Control Present,Clear,No,55,64
4812,"35.1233951074,-78.5455863497",Yes,17,16-19,No,K: Killed,White,Male,None - Rural Crash,Sampson,Sunday,Motorist Overtaking Bicyclist,19,Non-Intersection,July,K: Killed,Motorist Overtaking - Other / Unknown,2018,51,50-59,No,No,O: No Injury,Black,Male,Passenger Car,No,Daylight,Rural (<30% Developed),50 - 55  MPH,"Double Yellow Line, No Passing Zone",Clear,No,55,17
4860,"34.7477460002,-77.4083200004",Yes,19,16-19,.,K: Killed,White,Male,Jacksonville,Onslow,Thursday,Motorist Overtaking Bicyclist,0,Non-Intersection,March,K: Killed,Motorist Overtaking - Undetected Bicyclist,2007,36,30-39,.,No,O: No Injury,White,Male,Pickup,No,Dark - Roadway Not Lighted,Urban (>70% Developed),50 - 55  MPH,No Control Present,Clear,No,55,19
4864,"35.8105429997,-81.4316800005",Yes,46,40-49,.,K: Killed,White,Male,None - Rural Crash,Caldwell,Thursday,Motorist Overtaking Bicyclist,5,Non-Intersection,April,K: Killed,Motorist Overtaking - Undetected Bicyclist,2007,19,0-19,.,No,O: No Injury,White,Male,Sport Utility,No,Dark - Roadway Not Lighted,Rural (<30% Developed),50 - 55  MPH,No Control Present,"Fog, Smog, Smoke",No,55,46
4871,"35.2349170002,-79.0197199996",Yes,19,16-19,.,K: Killed,White,Male,None - Rural Crash,Harnett,Friday,Bicyclist Failed to Yield - Midblock,3,Non-Intersection,July,K: Killed,Bicyclist Ride Out - Other Midblock,2007,43,40-49,.,No,O: No Injury,White,Male,Sport Utility,No,Dark - Roadway Not Lighted,Rural (<30% Developed),50 - 55  MPH,No Control Present,Clear,No,55,19
4997,"34.22697,-77.8280799996",Yes,62,60-69,.,K: Killed,White,Male,Wilmington,New Hanover,Thursday,Motorist Right Turn / Merge,9,Non-Intersection,October,K: Killed,Motorist Right Turn - Same Direction,2008,49,40-49,.,No,O: No Injury,White,Female,Passenger Car,No,Daylight,Urban (>70% Developed),40 - 45  MPH,Missing,Clear,No,45,62
5145,"35.8416251797,-79.5987628897",Yes,48,40-49,No,K: Killed,White,Male,None - Rural Crash,Randolph,Sunday,Loss of Control / Turning Error,7,Non-Intersection,September,K: Killed,Motorist Lost Control - Other / Unknown,2010,999,Unknown,Unknown,Unknown,Unknown Injury,Unknown/Missing,Unknown,Pickup,Yes,Unknown,Rural (<30% Developed),50 - 55  MPH,No Control Present,Clear,No,55,48
5155,"36.1628764601,-77.9758721998",Yes,56,50-59,No,K: Killed,White,Male,None - Rural Crash,Nash,Friday,Motorist Overtaking Bicyclist,17,Non-Intersection,October,K: Killed,Motorist Overtaking - Other / Unknown,2010,21,20-24,No,No,O: No Injury,Black,Male,Passenger Car,No,Daylight,Rural (<30% Developed),50 - 55  MPH,"Double Yellow Line, No Passing Zone",Clear,No,55,56
5172,"34.0992412604,-77.9215598402",Yes,46,40-49,No,K: Killed,White,Male,None - Rural Crash,New Hanover,Sunday,Motorist Overtaking Bicyclist,9,Non-Intersection,April,K: Killed,Motorist Overtaking - Other / Unknown,2011,63,60-69,"Yes-Alcohol and Drugs, impairment suspected",Yes,O: No Injury,White,Male,Passenger Car,No,Daylight,Mixed (30% To 70% Developed),50 - 55  MPH,No Control Present,Clear,No,55,46
5300,"35.99873883,-75.6481281202",Yes,20,20-24,Unknown,K: Killed,White,Male,Kill Devil Hills,Dare,Tuesday,Motorist Overtaking Bicyclist,1,Non-Intersection,August,K: Killed,Motorist Overtaking - Other / Unknown,2012,23,20-24,"Yes-Alcohol, impairment suspected",Yes,O: No Injury,White,Male,Sport Utility,No,Dark - Lighted Roadway,Urban (>70% Developed),30 - 35  MPH,No Control Present,Cloudy,No,35,20
5330,"34.63257474,-79.0009549701",Yes,33,30-39,No,K: Killed,White,Female,Lumberton,Robeson,Tuesday,Motorist Failed to Yield - Sign-Controlled Intersection,18,Intersection,December,K: Killed,Motorist Drive Out - Sign-Controlled Intersection,2012,60,60-69,No,No,O: No Injury,White,Female,Sport Utility,No,Dark - Unknown Lighting,Urban (>70% Developed),30 - 35  MPH,Stop Sign,Clear,No,35,33
5335,"35.9143429804,-78.9610441802",Yes,12,11-15,No,K: Killed,Black,Female,Durham,Durham,Monday,Loss of Control / Turning Error,15,Intersection,December,K: Killed,Bicyclist Turning Error - Left Turn,2012,59,50-59,No,No,O: No Injury,White,Male,Pickup,No,Daylight,Urban (>70% Developed),40 - 45  MPH,Stop Sign,Cloudy,No,45,12
5345,"35.3877700004,-77.9805109995",Yes,48,40-49,"Yes-Alcohol, impairment suspected",K: Killed,Black,Male,Goldsboro,Wayne,Thursday,Bicyclist Left Turn / Merge,17,Non-Intersection,December,K: Killed,Bicyclist Left Turn - Opposite Direction,2012,48,40-49,No,No,O: No Injury,White,Male,Pickup,No,Dusk,Urban (>70% Developed),30 - 35  MPH,No Control Present,Cloudy,No,35,48
5544,"35.8029932702,-80.7395217799",Yes,53,50-59,No,K: Killed,White,Male,None - Rural Crash,Iredell,Monday,Head-On,17,Non-Intersection,June,K: Killed,Head-On - Motorist,2014,38,30-39,"Yes-Drugs, impairment suspected",No,O: No Injury,White,Male,Pickup,Yes,Daylight,Rural (<30% Developed),40 - 45  MPH,"Double Yellow Line, No Passing Zone",Cloudy,No,45,53
5600,"35.2259584897,-81.5262704897",Yes,56,50-59,No,K: Killed,White,Male,None - Rural Crash,Cleveland,Sunday,Motorist Overtaking Bicyclist,20,Non-Intersection,November,K: Killed,Motorist Overtaking - Undetected Bicyclist,2015,16,0-19,No,No,O: No Injury,White,Male,Van,No,Dark - Roadway Not Lighted,Mixed (30% To 70% Developed),40 - 45  MPH,"Double Yellow Line, No Passing Zone",Cloudy,No,45,56
5612,"35.2214879802,-80.8832449101",Yes,13,11-15,No,K: Killed,Black,Male,Charlotte,Mecklenburg,Saturday,Bicyclist Left Turn / Merge,12,Non-Intersection,April,K: Killed,Bicyclist Left Turn - Opposite Direction,2016,47,40-49,No,No,O: No Injury,Black,Male,Sport Utility,No,Daylight,Urban (>70% Developed),30 - 35  MPH,No Control Present,Clear,No,35,13
5624,"35.5328473804,-78.8579314901",Yes,66,60-69,No,K: Killed,White,Male,None - Rural Crash,Harnett,Thursday,Motorist Overtaking Bicyclist,7,Non-Intersection,July,K: Killed,Motorist Overtaking - Other / Unknown,2016,39,30-39,Unknown,Unknown,O: No Injury,White,Male,Sport Utility,No,Daylight,Rural (<30% Developed),50 - 55  MPH,"Double Yellow Line, No Passing Zone",Clear,No,55,66
5646,"35.8033729899,-78.7344924896",Yes,55,50-59,Unknown,K: Killed,White,Male,Raleigh,Wake,Monday,Bicyclist Failed to Yield - Sign-Controlled Intersection,6,Intersection,March,K: Killed,Bicyclist Ride Through - Sign-Controlled Intersection,2017,30,30-39,No,No,O: No Injury,White,Male,Sport Utility,No,Dark - Roadway Not Lighted,Mixed (30% To 70% Developed),40 - 45  MPH,Stop And Go Signal,"Fog, Smog, Smoke",No,45,55
5649,"34.3089538997,-78.7151853305",Yes,40,40-49,No,K: Killed,Hispanic,Male,Whiteville,Columbus,Monday,Crossing Paths - Other Circumstances,18,Intersection,January,K: Killed,Sign-Controlled Intersection - Other / Unknown,2017,51,50-59,No,No,O: No Injury,Black,Male,Passenger Car,No,Dark - Roadway Not Lighted,Urban (>70% Developed),40 - 45  MPH,Stop Sign,Clear,No,45,40
5651,"34.1944586603,-77.9147683695",Yes,24,20-24,No,K: Killed,White,Female,Wilmington,New Hanover,Friday,Motorist Overtaking Bicyclist,2,Non-Intersection,January,K: Killed,Motorist Overtaking - Other / Unknown,2017,999,Unknown,Missing,Missing,Unknown Injury,Unknown/Missing,Unknown,Unknown,Yes,Dark - Roadway Not Lighted,Urban (>70% Developed),50 - 55  MPH,No Control Present,Clear,No,55,24
5655,"35.2465711997,-81.0134396601",Yes,28,25-29,No,K: Killed,White,Male,Charlotte,Mecklenburg,Friday,Motorist Overtaking Bicyclist,23,Non-Intersection,February,K: Killed,Motorist Overtaking - Other / Unknown,2017,38,30-39,"Yes-Alcohol, impairment suspected",Yes,O: No Injury,White,Male,Sport Utility,Yes,Dark - Lighted Roadway,Urban (>70% Developed),50 - 55  MPH,No Control Present,Clear,No,55,28
5739,"35.786198,-78.7176060005",Yes,30,30-39,.,K: Killed,Hispanic,Male,Raleigh,Wake,Saturday,Bicyclist Failed to Yield - Midblock,12,Non-Intersection,September,K: Killed,Bicyclist Ride Out - Commercial Driveway / Alley,2007,19,0-19,.,No,O: No Injury,Black,Male,Passenger Car,No,Daylight,Urban (>70% Developed),40 - 45  MPH,No Control Present,Clear,No,45,30
5901,"35.8572101999,-76.7480241697",Yes,68,60-69,No,K: Killed,Black,Female,Plymouth,Washington,Wednesday,Bicyclist Left Turn / Merge,18,Non-Intersection,January,K: Killed,Bicyclist Left Turn - Same Direction,2010,53,50-59,No,No,O: No Injury,White,Male,Pickup,No,Dark - Lighted Roadway,Urban (>70% Developed),40 - 45  MPH,No Control Present,Clear,No,45,68
5905,"34.8037359801,-79.1883709796",Yes,53,50-59,Unknown,K: Killed,Black,Male,Red Springs,Robeson,Saturday,Motorist Overtaking Bicyclist,17,Non-Intersection,February,K: Killed,Motorist Overtaking - Undetected Bicyclist,2010,20,20-24,No,No,O: No Injury,Native American,Female,Passenger Car,No,Daylight,Urban (>70% Developed),30 - 35  MPH,No Control Present,Clear,No,35,53
6024,"36.4395313996,-77.1272246404",Yes,65,60-69,"Yes-Alcohol, impairment suspected",K: Killed,White,Male,None - Rural Crash,Hertford,Wednesday,Bicyclist Failed to Yield - Midblock,17,Non-Intersection,September,K: Killed,Bicyclist Ride Out - Residential Driveway,2011,44,40-49,No,No,O: No Injury,White,Male,Passenger Car,No,Daylight,Rural (<30% Developed),40 - 45  MPH,"Double Yellow Line, No Passing Zone",Cloudy,No,45,65
6080,"35.8633271504,-76.7444197703",Yes,45,40-49,"Yes-Alcohol and Drugs, impairment suspected",K: Killed,Black,Female,None - Rural Crash,Washington,Sunday,Motorist Overtaking Bicyclist,22,Non-Intersection,July,K: Killed,Motorist Overtaking - Bicyclist Swerved,2012,30,30-39,No,No,O: No Injury,White,Male,Pickup,No,Dark - Roadway Not Lighted,Rural (<30% Developed),40 - 45  MPH,"Double Yellow Line, No Passing Zone",Clear,No,45,45
6116,"35.4130598598,-79.1491534499",Yes,48,40-49,"Yes-Alcohol, impairment suspected",K: Killed,Black,Male,None - Rural Crash,Lee,Tuesday,Motorist Overtaking Bicyclist,20,Non-Intersection,November,K: Killed,Motorist Overtaking - Other / Unknown,2012,36,30-39,No,No,O: No Injury,White,Male,Passenger Car,No,Dark - Roadway Not Lighted,Rural (<30% Developed),50 - 55  MPH,"Double Yellow Line, No Passing Zone",Clear,No,55,48
6126,"34.7709481903,-79.3353866302",Yes,56,50-59,No,K: Killed,Native American,Male,None - Rural Crash,Scotland,Sunday,Motorist Overtaking Bicyclist,11,Non-Intersection,March,K: Killed,Motorist Overtaking - Other / Unknown,2013,65,60-69,No,No,O: No Injury,Native American,Male,Passenger Car,No,Daylight,Mixed (30% To 70% Developed),50 - 55  MPH,"Double Yellow Line, No Passing Zone",Cloudy,No,55,56
6179,"34.2167828304,-77.9420517299",Yes,49,40-49,No,K: Killed,White,Male,Wilmington,New Hanover,Thursday,Motorist Overtaking Bicyclist,11,Non-Intersection,August,K: Killed,Motorist Overtaking - Other / Unknown,2013,59,50-59,"Yes-Drugs, impairment suspected",No,O: No Injury,White,Female,Sport Utility,No,Daylight,Urban (>70% Developed),30 - 35  MPH,Stop Sign,Clear,No,35,49
6180,"35.8709313003,-79.0686303404",Yes,41,40-49,"Yes-Alcohol and Drugs, impairment detected",K: Killed,Black,Male,None - Rural Crash,Orange,Thursday,Motorist Overtaking Bicyclist,23,Non-Intersection,September,K: Killed,Motorist Overtaking - Other / Unknown,2013,999,Unknown,Unknown,Unknown,Unknown Injury,Unknown/Missing,Unknown,Unknown,Yes,Dark - Roadway Not Lighted,Rural (<30% Developed),40 - 45  MPH,No Control Present,Clear,No,45,41
6356,"36.0995069002,-79.7988138801",Yes,51,50-59,No,K: Killed,White,Male,Greensboro,Guilford,Thursday,Motorist Left Turn / Merge,6,Intersection,September,K: Killed,Motorist Left Turn - Opposite Direction,2014,67,60-69,No,No,C: Possible Injury,White,Male,Passenger Car,No,Dawn,Urban (>70% Developed),20 - 25  MPH,Stop Sign,Cloudy,No,25,51
6362,"34.7485145599,-79.4966498905",Yes,38,30-39,No,K: Killed,Black,Male,Laurinburg,Scotland,Thursday,Motorist Overtaking Bicyclist,22,Non-Intersection,July,K: Killed,Motorist Overtaking - Undetected Bicyclist,2014,22,20-24,"Yes-Alcohol, impairment detected",Yes,O: No Injury,White,Male,Passenger Car,No,Dark - Roadway Not Lighted,Urban (>70% Developed),40 - 45  MPH,No Control Present,Clear,No,45,38
6379,"34.7408801801,-78.8907365502",Yes,57,50-59,No,K: Killed,White,Male,None - Rural Crash,Robeson,Tuesday,Motorist Overtaking Bicyclist,16,Non-Intersection,January,K: Killed,Motorist Overtaking - Undetected Bicyclist,2015,24,20-24,No,No,O: No Injury,White,Female,Passenger Car,No,Dusk,Rural (<30% Developed),50 - 55  MPH,No Control Present,Clear,No,55,57
6394,"35.7893520197,-78.7643797403",Yes,9,6-10,No,K: Killed,Asian,Male,Cary,Wake,Tuesday,Bicyclist Failed to Yield - Midblock,19,Non-Intersection,May,K: Killed,Bicyclist Ride Out - Commercial Driveway / Alley,2015,49,40-49,No,No,O: No Injury,White,Female,Sport Utility,No,Dusk,Urban (>70% Developed),Unknown,No Control Present,Clear,No,0,9
6469,"35.2079859904,-77.4998841498",Yes,68,60-69,No,K: Killed,White,Female,None - Rural Crash,Jones,Sunday,Motorist Overtaking Bicyclist,17,Non-Intersection,May,K: Killed,Motorist Overtaking - Other / Unknown,2017,27,25-29,"Yes-Drugs, impairment detected",No,O: No Injury,White,Male,Sport Utility,No,Daylight,Rural (<30% Developed),50 - 55  MPH,No Control Present,Clear,No,55,68
6471,"36.1194826004,-81.2414316702",Yes,56,50-59,No,K: Killed,White,Male,None - Rural Crash,Wilkes,Monday,Motorist Overtaking Bicyclist,18,Non-Intersection,May,K: Killed,Motorist Overtaking - Other / Unknown,2017,60,60-69,No,No,O: No Injury,White,Male,Pickup,No,Daylight,Rural (<30% Developed),50 - 55  MPH,"Double Yellow Line, No Passing Zone",Clear,No,55,56
6481,"35.2459105397,-80.8131232596",Yes,29,25-29,No,K: Killed,White,Male,Charlotte,Mecklenburg,Friday,Motorist Overtaking Bicyclist,0,Non-Intersection,June,K: Killed,Motorist Overtaking - Other / Unknown,2017,23,20-24,"Yes-Alcohol, impairment suspected",Yes,O: No Injury,Hispanic,Female,Passenger Car,Yes,Dark - Lighted Roadway,Mixed (30% To 70% Developed),30 - 35  MPH,No Control Present,Clear,No,35,29
6494,"35.7177901398,-77.9379637104",Yes,67,60-69,No,K: Killed,White,Male,Wilson,Wilson,Monday,Bicyclist Failed to Yield - Midblock,16,Non-Intersection,November,K: Killed,Bicyclist Ride Out - Midblock - Unknown,2017,19,0-19,No,No,O: No Injury,Black,Male,Passenger Car,No,Daylight,Urban (>70% Developed),30 - 35  MPH,No Control Present,Clear,No,35,67
6505,"35.6572315789,-81.0588436104",No,48,40-49,Unknown,K: Killed,Black,Male,None - Rural Crash,Catawba,Wednesday,Motorist Overtaking Bicyclist,6,Non-Intersection,January,K: Killed,Motorist Overtaking - Bicyclist Swerved,2018,58,50-59,No,No,O: No Injury,Black,Female,Passenger Car,No,Dark - Roadway Not Lighted,Rural (<30% Developed),40 - 45  MPH,No Control Present,Clear,No,45,48
6615,"36.3768900001,-78.9828339998",Yes,24,20-24,.,K: Killed,Black,Male,None - Rural Crash,Person,Monday,Motorist Overtaking Bicyclist,17,Non-Intersection,July,K: Killed,Motorist Overtaking - Other / Unknown,2007,21,20-24,.,No,C: Possible Injury,White,Male,Pickup,No,Daylight,Rural (<30% Developed),50 - 55  MPH,No Control Present,Clear,No,55,24
6674,"35.5994530001,-82.6237200001",Yes,17,16-19,.,K: Killed,White,Male,Asheville,Buncombe,Saturday,Bicyclist Failed to Yield - Sign-Controlled Intersection,1,Intersection,October,K: Killed,Bicyclist Ride Through - Sign-Controlled Intersection,2007,999,Unknown,.,Missing,Unknown Injury,Unknown/Missing,Unknown,Unknown,Yes,Dark - Roadway Not Lighted,Rural (<30% Developed),30 - 35  MPH,Stop Sign,Clear,No,35,17
6702,"34.21607,-77.9042740002",Yes,49,40-49,.,K: Killed,Black,Male,Wilmington,New Hanover,Thursday,Bicyclist Left Turn / Merge,13,Intersection,January,K: Killed,Bicyclist Left Turn - Opposite Direction,2007,26,25-29,.,No,O: No Injury,White,Female,Sport Utility,No,Daylight,Urban (>70% Developed),40 - 45  MPH,Stop And Go Signal,Clear,No,45,49
6764,"35.1616360003,-79.4103699999",Yes,41,40-49,.,K: Killed,White,Male,Southern Pines,Moore,Wednesday,Motorist Overtaking Bicyclist,2,Non-Intersection,December,K: Killed,Motorist Overtaking - Other / Unknown,2008,30,30-39,.,No,O: No Injury,White,Female,Passenger Car,Yes,Dark - Lighted Roadway,Mixed (30% To 70% Developed),40 - 45  MPH,No Control Present,Clear,No,45,41
6782,"35.288113,-80.7597049995",No,41,40-49,.,K: Killed,White,Male,Charlotte,Mecklenburg,Monday,Motorist Overtaking Bicyclist,14,Non-Intersection,December,K: Killed,Motorist Overtaking - Other / Unknown,2008,22,20-24,.,No,O: No Injury,Asian,Male,Passenger Car,No,Daylight,Urban (>70% Developed),40 - 45  MPH,No Control Present,Clear,No,45,41
6786,"36.1010199999,-75.7139399999",Yes,70+,70+,.,K: Killed,White,Male,Southern Shores,Dare,Saturday,Bicyclist Failed to Yield - Midblock,13,Non-Intersection,March,K: Killed,Bicyclist Ride Out - Commercial Driveway / Alley,2009,26,25-29,.,No,O: No Injury,White,Male,Pickup,No,Daylight,Urban (>70% Developed),30 - 35  MPH,No Control Present,Clear,No,35,70
6834,"35.9006318203,-78.2660710705",Yes,55,50-59,"Yes-Alcohol, impairment detected",K: Killed,Black,Male,None - Rural Crash,Franklin,Friday,Loss of Control / Turning Error,23,Intersection,April,K: Killed,Bicyclist Turning Error - Left Turn,2010,31,30-39,No,No,O: No Injury,Black,Female,Passenger Car,No,Dark - Roadway Not Lighted,Rural (<30% Developed),50 - 55  MPH,"Double Yellow Line, No Passing Zone",Cloudy,No,55,55
6845,"35.6570410104,-77.4077921597",Yes,22,20-24,Unknown,K: Killed,Hispanic,Male,None - Rural Crash,Pitt,Thursday,Head-On,20,Non-Intersection,March,K: Killed,Head-On - Bicyclist,2011,20,20-24,No,No,O: No Injury,Black,Male,Sport Utility,No,Dark - Roadway Not Lighted,Urban (>70% Developed),40 - 45  MPH,No Control Present,Clear,No,45,22
6864,"36.5132236897,-79.6956999104",Yes,27,25-29,"Yes-Alcohol, impairment suspected",K: Killed,White,Male,Eden,Rockingham,Tuesday,Bicyclist Failed to Yield - Sign-Controlled Intersection,3,Intersection,August,K: Killed,Bicyclist Ride Through - Sign-Controlled Intersection,2010,20,20-24,Unknown,Unknown,O: No Injury,Black,Male,Passenger Car,Yes,Dark - Lighted Roadway,Urban (>70% Developed),30 - 35  MPH,No Control Present,Clear,No,35,27
6875,"35.0095923196,-80.5629419003",Yes,16,16-19,No,K: Killed,White,Male,Monroe,Union,Wednesday,Bicyclist Failed to Yield - Midblock,12,Non-Intersection,June,K: Killed,Multiple Threat - Midblock,2011,18,0-19,No,No,O: No Injury,White,Female,Passenger Car,No,Daylight,Urban (>70% Developed),40 - 45  MPH,No Control Present,Clear,No,45,16
6894,"34.1669812903,-78.0890159698",Yes,40,40-49,Unknown,K: Killed,White,Male,None - Rural Crash,Brunswick,Thursday,Motorist Overtaking Bicyclist,18,Non-Intersection,March,K: Killed,Motorist Overtaking - Other / Unknown,2011,53,50-59,No,No,O: No Injury,White,Male,Passenger Car,No,Dark - Roadway Not Lighted,Rural (<30% Developed),50 - 55  MPH,No Control Present,Clear,No,55,40
6911,"35.84389891,-80.2120858901",Yes,30,30-39,No,K: Killed,White,Male,None - Rural Crash,Davidson,Tuesday,Loss of Control / Turning Error,15,Non-Intersection,March,K: Killed,Motorist Lost Control - Other / Unknown,2012,29,25-29,"Yes-Alcohol, impairment suspected",Yes,O: No Injury,White,Male,Pickup,No,Daylight,Rural (<30% Developed),50 - 55  MPH,No Control Present,Clear,No,55,30
6919,"36.2087460004,-79.9047580006",Yes,38,30-39,No,K: Killed,White,Female,Summerfield,Guilford,Friday,Motorist Overtaking Bicyclist,19,Non-Intersection,April,K: Killed,Motorist Overtaking - Other / Unknown,2012,33,30-39,No,No,O: No Injury,White,Female,Sport Utility,No,Daylight,Mixed (30% To 70% Developed),40 - 45  MPH,"Double Yellow Line, No Passing Zone",Clear,No,45,38
6926,"35.91006101,-79.07449284",Yes,72,70+,No,K: Killed,White,Male,Carrboro,Orange,Saturday,Motorist Overtaking Bicyclist,10,Non-Intersection,July,K: Killed,Motorist Overtaking - Bicyclist Swerved,2011,70,70+,No,No,O: No Injury,White,Male,Passenger Car,No,Daylight,Urban (>70% Developed),20 - 25  MPH,No Control Present,Clear,No,25,72
6948,"35.7391785198,-80.1027562399",Yes,45,40-49,Unknown,K: Killed,White,Male,None - Rural Crash,Davidson,Tuesday,Motorist Overtaking Bicyclist,19,Non-Intersection,November,K: Killed,Motorist Overtaking - Misjudged Space,2011,30,30-39,Unknown,Unknown,O: No Injury,White,Male,Pickup,Yes,Dark - Roadway Not Lighted,Rural (<30% Developed),50 - 55  MPH,"Double Yellow Line, No Passing Zone",Clear,No,55,45
6979,"34.5314217797,-79.0976196802",Yes,50,50-59,"Yes-Alcohol, impairment suspected",K: Killed,Native American,Male,None - Rural Crash,Robeson,Thursday,Motorist Overtaking Bicyclist,20,Non-Intersection,October,K: Killed,Motorist Overtaking - Other / Unknown,2012,56,50-59,No,No,O: No Injury,Black,Male,Van,No,Dark - Roadway Not Lighted,Rural (<30% Developed),50 - 55  MPH,No Control Present,Clear,No,55,50
7002,"33.93075619,-78.40955305",Yes,57,50-59,"Yes-Alcohol, impairment suspected",K: Killed,White,Male,None - Rural Crash,Brunswick,Thursday,Bicyclist Right Turn / Merge,14,Non-Intersection,October,K: Killed,Bicyclist Right Turn - Same Direction,2012,52,50-59,No,No,O: No Injury,White,Female,Van,No,Daylight,Rural (<30% Developed),50 - 55  MPH,No Control Present,Clear,No,55,57
7040,"34.2202913397,-77.8204102602",Yes,27,25-29,No,K: Killed,White,Male,Wilmington,New Hanover,Thursday,Loss of Control / Turning Error,22,Intersection-Related,June,K: Killed,Motorist Lost Control - Other / Unknown,2013,23,20-24,No,No,O: No Injury,White,Female,Passenger Car,No,Dark - Lighted Roadway,Urban (>70% Developed),40 - 45  MPH,No Control Present,Clear,No,45,27
7041,"36.13852996,-79.9678640604",Yes,20,20-24,No,K: Killed,White,Male,None - Rural Crash,Guilford,Tuesday,Head-On,4,Non-Intersection,September,K: Killed,Head-On - Bicyclist,2013,62,60-69,No,No,O: No Injury,White,Male,Tractor/Semi-Trailer,No,Dark - Roadway Not Lighted,Mixed (30% To 70% Developed),50 - 55  MPH,No Control Present,Clear,No,55,20
7056,"35.1521972501,-80.8780027397",Yes,27,25-29,Missing,K: Killed,Hispanic,Male,Charlotte,Mecklenburg,Friday,Bicyclist Failed to Yield - Midblock,21,Non-Intersection,August,K: Killed,Bicyclist Ride Out - Midblock - Unknown,2013,23,20-24,No,No,C: Possible Injury,Black,Male,Passenger Car,No,Dark - Lighted Roadway,Urban (>70% Developed),30 - 35  MPH,No Control Present,Clear,No,35,27
7246,"35.8261187698,-78.0849211696",Yes,59,50-59,Unknown,K: Killed,Black,Male,None - Rural Crash,Nash,Thursday,Motorist Overtaking Bicyclist,8,Non-Intersection,May,K: Killed,Motorist Overtaking - Other / Unknown,2014,79,70+,Unknown,Unknown,O: No Injury,White,Female,Sport Utility,No,Daylight,Rural (<30% Developed),50 - 55  MPH,No Control Present,Clear,No,55,59
7272,"35.9686987398,-78.86091354",Yes,49,40-49,Unknown,K: Killed,Hispanic,Male,Durham,Durham,Sunday,Motorist Overtaking Bicyclist,1,Non-Intersection,May,K: Killed,Motorist Overtaking - Other / Unknown,2015,999,Unknown,Missing,Missing,Unknown Injury,Unknown/Missing,Unknown,Unknown,Yes,Dark - Roadway Not Lighted,Urban (>70% Developed),40 - 45  MPH,No Control Present,Clear,No,45,49
7274,"35.9278135103,-78.5046082505",Yes,9,6-10,No,K: Killed,Other,Male,None - Rural Crash,Wake,Tuesday,Bicyclist Failed to Yield - Midblock,20,Non-Intersection,May,K: Killed,Bicyclist Ride Out - Other Midblock,2015,32,30-39,No,No,O: No Injury,White,Female,Passenger Car,No,Dusk,Mixed (30% To 70% Developed),40 - 45  MPH,"Double Yellow Line, No Passing Zone",Clear,No,45,9
7354,"35.7864646304,-78.7179619497",Yes,56,50-59,No,K: Killed,White,Male,Raleigh,Wake,Wednesday,Bicyclist Failed to Yield - Signalized Intersection,23,Intersection,December,K: Killed,Bicyclist Ride Through - Signalized Intersection,2016,25,25-29,"Yes-Alcohol and Drugs, impairment suspected",Yes,O: No Injury,White,Female,Passenger Car,No,Dark - Roadway Not Lighted,Mixed (30% To 70% Developed),40 - 45  MPH,Stop And Go Signal,Clear,No,45,56
7431,"35.8010428948,-80.2953391098",Yes,77,70+,No,K: Killed,Black,Male,None - Rural Crash,Davidson,Sunday,Bicyclist Left Turn/Merge,19,Non-Intersection,September,K: Killed,Bicyclist Left Turn - Same Direction,2018,36,30-39,No,No,O: No Injury,Black,Female,Van,No,Dark - Roadway Not Lighted,Mixed (30% To 70% Developed),40 - 45  MPH,Stop And Go Signal,Clear,No,45,77
7452,"34.9696701143,-80.62001307",Yes,52,50-59,No,K: Killed,White,Male,None - Rural Crash,Union,Saturday,Motorist Overtaking Bicyclist,13,Non-Intersection,July,K: Killed,Motorist Overtaking - Other / Unknown,2018,999,Unknown,Unknown,Unknown,Unknown Injury,Unknown/Missing,Unknown,Passenger Car,Yes,Daylight,Rural (<30% Developed),50 - 55  MPH,"Double Yellow Line, No Passing Zone",Clear,No,55,52
7467,"35.3429014598,-81.8830059798",Yes,44,40-49,Unknown,K: Killed,White,Male,Forest City,Rutherford,Monday,Bicyclist Right Turn / Merge,19,Intersection,October,K: Killed,Bicyclist Right Turn - Opposite Direction,2017,22,20-24,No,No,O: No Injury,Black,Female,Sport Utility,No,Dark - Roadway Not Lighted,Mixed (30% To 70% Developed),30 - 35  MPH,Stop Sign,Clear,No,35,44
7590,"34.8193817977,-79.5336492701",Yes,23,20-24,No,K: Killed,Native American,Male,None - Rural Crash,Scotland,Thursday,Motorist Overtaking Bicyclist,6,Non-Intersection,October,K: Killed,Motorist Overtaking - Other / Unknown,2018,27,25-29,"Yes-Drugs, impairment detected",No,O: No Injury,Black,Female,Passenger Car,No,Dark - Roadway Not Lighted,Rural (<30% Developed),40 - 45  MPH,No Control Present,Clear,No,45,23
7643,"35.7785800002,-78.6729700004",Yes,60,60-69,.,K: Killed,White,Female,Raleigh,Wake,Wednesday,Motorist Overtaking Bicyclist,10,Non-Intersection,April,K: Killed,Motorist Overtaking - Other / Unknown,2008,21,20-24,.,Yes,O: No Injury,White,Male,Pickup,No,Daylight,Urban (>70% Developed),20 - 25  MPH,No Control Present,Cloudy,No,25,60
7673,"35.2109259999,-80.7590500005",Yes,44,40-49,.,K: Killed,Hispanic,Male,Charlotte,Mecklenburg,Friday,Bicyclist Failed to Yield - Sign-Controlled Intersection,23,Intersection,August,K: Killed,Bicyclist Ride Out - Sign-Controlled Intersection,2008,24,20-24,.,Yes,O: No Injury,Black,Male,Passenger Car,No,Dark - Lighted Roadway,Urban (>70% Developed),30 - 35  MPH,No Control Present,Clear,No,35,44
7702,"35.6357460004,-80.5154799996",Yes,47,40-49,.,K: Killed,White,Male,Salisbury,Rowan,Monday,Head-On,18,Non-Intersection,October,K: Killed,Head-On - Bicyclist,2008,20,20-24,.,No,O: No Injury,White,Male,Pickup,No,Daylight,Mixed (30% To 70% Developed),50 - 55  MPH,No Control Present,Clear,No,55,47
7739,"35.2441180004,-80.8758899998",Yes,46,40-49,.,K: Killed,Black,Male,Charlotte,Mecklenburg,Wednesday,Bicyclist Failed to Yield - Sign-Controlled Intersection,12,Intersection,July,K: Killed,Bicyclist Ride Through - Sign-Controlled Intersection,2009,20,20-24,.,No,O: No Injury,Black,Female,Passenger Car,No,Daylight,Urban (>70% Developed),20 - 25  MPH,Stop Sign,Clear,No,25,46
7765,"36.2196729999,-79.7879900003",Yes,55,50-59,.,K: Killed,White,Male,None - Rural Crash,Guilford,Saturday,Loss of Control / Turning Error,17,Non-Intersection,October,K: Killed,Motorist Lost Control - Other / Unknown,2009,48,40-49,.,No,O: No Injury,White,Female,Sport Utility,No,Daylight,Rural (<30% Developed),50 - 55  MPH,No Control Present,Clear,No,55,55
7921,"35.6207557303,-78.4014626997",Yes,7,6-10,No,K: Killed,Hispanic,Male,None - Rural Crash,Johnston,Wednesday,Bicyclist Right Turn / Merge,16,Non-Intersection,May,K: Killed,Bicyclist Right Turn - Opposite Direction,2012,38,30-39,No,No,O: No Injury,White,Male,Pickup,No,Dark - Roadway Not Lighted,Rural (<30% Developed),50 - 55  MPH,"Double Yellow Line, No Passing Zone",Clear,No,55,7
8052,"36.3021518004,-77.6599759197",Yes,7,6-10,No,K: Killed,White,Male,None - Rural Crash,Halifax,Thursday,Crossing Paths - Other Circumstances,19,Non-Intersection,April,K: Killed,Crossing Paths - Midblock - Other / Unknown,2013,61,60-69,No,No,O: No Injury,White,Female,Pickup,No,Daylight,Rural (<30% Developed),50 - 55  MPH,No Control Present,Clear,No,55,7
8121,"34.8542286802,-79.0873503398",Yes,14,11-15,No,B: Suspected Minor Injury,Native American,Male,None - Rural Crash,Robeson,Tuesday,Head-On,18,Non-Intersection,August,K: Killed,Head-On - Motorist,2015,38,30-39,"Yes-Alcohol and Drugs, impairment suspected",Yes,B: Suspected Minor Injury,White,Male,Passenger Car,No,Daylight,Rural (<30% Developed),50 - 55  MPH,"Double Yellow Line, No Passing Zone",Clear,No,55,14
8193,"36.2366192498,-79.8437873595",Yes,49,40-49,No,K: Killed,Hispanic,Male,None - Rural Crash,Guilford,Sunday,Motorist Overtaking Bicyclist,17,Non-Intersection,February,K: Killed,Motorist Overtaking - Other / Unknown,2014,19,0-19,No,No,O: No Injury,White,Male,Pickup,No,Daylight,Rural (<30% Developed),50 - 55  MPH,"Double Yellow Line, No Passing Zone",Clear,No,55,49
8258,"33.9945593501,-78.3025887497",Yes,25,25-29,No,K: Killed,White,Male,None - Rural Crash,Brunswick,Saturday,Motorist Overtaking Bicyclist,21,Non-Intersection,June,K: Killed,Motorist Overtaking - Undetected Bicyclist,2015,52,50-59,No,No,O: No Injury,White,Male,Sport Utility,No,Dark - Roadway Not Lighted,Rural (<30% Developed),50 - 55  MPH,"Double Yellow Line, No Passing Zone",Clear,No,55,25
8275,"36.0113073896,-75.6660877595",Yes,12,11-15,Unknown,K: Killed,White,Female,Kill Devil Hills,Dare,Monday,Motorist Failed to Yield - Signalized Intersection,16,Intersection,November,K: Killed,Motorist Drive Through - Signalized Intersection,2015,62,60-69,No,No,O: No Injury,White,Female,Sport Utility,No,Daylight,Urban (>70% Developed),30 - 35  MPH,Stop And Go Signal,Clear,No,35,12
8301,"34.2513290198,-77.9200388503",Yes,56,50-59,"Yes-Alcohol, impairment suspected",K: Killed,Hispanic,Male,Wilmington,New Hanover,Sunday,Head-On,1,Non-Intersection,August,K: Killed,Head-On - Bicyclist,2016,43,40-49,No,No,O: No Injury,Black,Male,Passenger Car,No,Dark - Lighted Roadway,Urban (>70% Developed),40 - 45  MPH,No Control Present,Cloudy,No,45,56
8325,"35.15865591,-81.1987181999",Yes,47,40-49,"Yes-Alcohol, impairment suspected",K: Killed,White,Male,Gastonia,Gaston,Wednesday,Motorist Overtaking Bicyclist,19,Non-Intersection,November,K: Killed,Motorist Overtaking - Undetected Bicyclist,2016,55,50-59,No,No,Unknown Injury,White,Male,Sport Utility,No,Dark - Roadway Not Lighted,Mixed (30% To 70% Developed),50 - 55  MPH,No Control Present,Clear,No,55,47
8331,"34.6381478201,-78.9634448904",Yes,51,50-59,No,K: Killed,Hispanic,Male,None - Rural Crash,Robeson,Friday,Motorist Overtaking Bicyclist,6,Intersection,February,K: Killed,Motorist Overtaking - Undetected Bicyclist,2017,70,70+,No,No,O: No Injury,White,Male,Passenger Car,No,Dark - Roadway Not Lighted,Rural (<30% Developed),50 - 55  MPH,"Double Yellow Line, No Passing Zone",Clear,No,55,51
8334,"35.9429420404,-79.9744045098",Yes,47,40-49,"Yes-Alcohol, impairment suspected",K: Killed,Asian,Male,High Point,Guilford,Monday,Motorist Overtaking Bicyclist,23,Non-Intersection,February,K: Killed,Motorist Overtaking - Undetected Bicyclist,2017,21,20-24,No,No,B: Suspected Minor Injury,Hispanic,Male,Passenger Car,No,Dark - Roadway Not Lighted,Urban (>70% Developed),40 - 45  MPH,No Control Present,Clear,No,45,47
8354,"34.2239575198,-78.0132093304",Yes,61,60-69,Unknown,K: Killed,Hispanic,Male,Leland,Brunswick,Tuesday,Motorist Overtaking Bicyclist,19,Non-Intersection,July,K: Killed,Motorist Overtaking - Other / Unknown,2017,47,40-49,No,No,O: No Injury,Black,Male,Passenger Car,No,Daylight,Urban (>70% Developed),60 - 75 MPH,No Control Present,Clear,No,75,61
8408,"36.0044023286,-79.3914947503",Yes,47,40-49,Unknown,K: Killed,White,Male,None - Rural Crash,Alamance,Sunday,Motorist Overtaking Bicyclist,22,Non-Intersection,August,K: Killed,Motorist Overtaking - Undetected Bicyclist,2018,56,50-59,No,No,O: No Injury,Black,Male,Pickup,No,Dark - Roadway Not Lighted,Rural (<30% Developed),50 - 55  MPH,No Control Present,Clear,No,55,47
8497,"35.7734530002,-78.7362599999",Yes,49,40-49,.,K: Killed,White,Female,Raleigh,Wake,Monday,Motorist Failed to Yield - Sign-Controlled Intersection,16,Intersection,June,K: Killed,Motorist Drive Out - Sign-Controlled Intersection,2007,65,60-69,.,No,O: No Injury,White,Female,Passenger Car,No,Daylight,Urban (>70% Developed),30 - 35  MPH,Stop Sign,Clear,No,35,49
8510,"35.2034299997,-80.8005700002",Yes,58,50-59,.,K: Killed,White,Male,Charlotte,Mecklenburg,Friday,Motorist Left Turn / Merge,15,Intersection,February,K: Killed,Motorist Left Turn - Opposite Direction,2008,50,50-59,.,No,O: No Injury,Black,Female,Passenger Car,No,Daylight,Urban (>70% Developed),30 - 35  MPH,Stop And Go Signal,Clear,No,35,58
8521,"36.4372599998,-77.1184999998",Yes,21,20-24,.,K: Killed,Black,Male,None - Rural Crash,Hertford,Saturday,Head-On,22,Non-Intersection,September,K: Killed,Head-On - Motorist,2007,19,0-19,.,No,B: Suspected Minor Injury,Black,Male,Passenger Car,No,Daylight,Mixed (30% To 70% Developed),40 - 45  MPH,"Double Yellow Line, No Passing Zone",Clear,No,45,21
8713,"36.2269742403,-76.7706518598",Yes,28,25-29,"Yes-Alcohol, impairment suspected",K: Killed,Black,Female,None - Rural Crash,Bertie,Sunday,Bicyclist Failed to Yield - Midblock,18,Non-Intersection,January,K: Killed,Bicyclist Ride Out - Residential Driveway,2011,33,30-39,No,No,O: No Injury,White,Male,Pickup,No,Dark - Roadway Not Lighted,Rural (<30% Developed),50 - 55  MPH,No Control Present,Clear,No,55,28
8772,"35.8762974499,-78.5397780605",Yes,49,40-49,No,K: Killed,White,Male,Raleigh,Wake,Wednesday,Motorist Overtaking Bicyclist,14,Non-Intersection,July,K: Killed,Motorist Overtaking - Misjudged Space,2012,28,25-29,No,No,O: No Injury,White,Male,Tractor/Semi-Trailer,No,Daylight,Urban (>70% Developed),50 - 55  MPH,No Control Present,Clear,No,55,49
8809,"36.4367982501,-77.8760720501",Yes,58,50-59,"Yes-Alcohol, impairment suspected",K: Killed,Black,Male,None - Rural Crash,Halifax,Tuesday,Motorist Overtaking Bicyclist,21,Non-Intersection,August,K: Killed,Motorist Overtaking - Other / Unknown,2013,999,Unknown,Unknown,Unknown,Unknown Injury,Unknown/Missing,Unknown,Unknown,Yes,Dark - Roadway Not Lighted,Rural (<30% Developed),50 - 55  MPH,"Double Yellow Line, No Passing Zone",Cloudy,No,55,58
8933,"36.4202171301,-77.1077045204",Yes,21,20-24,"Yes-Alcohol, impairment suspected",K: Killed,Black,Male,None - Rural Crash,Hertford,Saturday,Motorist Overtaking Bicyclist,21,Non-Intersection,June,K: Killed,Motorist Overtaking - Other / Unknown,2016,26,25-29,No,No,C: Possible Injury,White,Female,Passenger Car,No,Dark - Roadway Not Lighted,Rural (<30% Developed),40 - 45  MPH,"Double Yellow Line, No Passing Zone",Clear,No,45,21
8938,"34.9021944702,-79.0741062998",Yes,54,50-59,"Yes-Alcohol, impairment suspected",K: Killed,White,Female,None - Rural Crash,Robeson,Tuesday,Loss of Control / Turning Error,21,Non-Intersection,September,K: Killed,Bicyclist Lost Control - Other / Unknown,2016,38,30-39,No,No,O: No Injury,White,Male,Passenger Car,No,Dark - Roadway Not Lighted,Rural (<30% Developed),50 - 55  MPH,"Double Yellow Line, No Passing Zone",Clear,No,55,54
8949,"34.5547765402,-79.0689807299",Yes,57,50-59,No,K: Killed,Black,Male,None - Rural Crash,Robeson,Friday,Motorist Overtaking Bicyclist,14,Non-Intersection,May,K: Killed,Motorist Overtaking - Bicyclist Swerved,2017,86,70+,No,No,O: No Injury,Black,Male,Passenger Car,No,Daylight,Rural (<30% Developed),50 - 55  MPH,"Double Yellow Line, No Passing Zone",Clear,No,55,57
8959,"35.7744310002,-78.6215329996",Yes,48,40-49,No,K: Killed,Black,Male,Raleigh,Wake,Thursday,Bicyclist Failed to Yield - Sign-Controlled Intersection,12,Intersection,January,K: Killed,Bicyclist Ride Through - Sign-Controlled Intersection,2011,57,50-59,No,No,O: No Injury,Black,Female,School Bus,No,Daylight,Mixed (30% To 70% Developed),40 - 45  MPH,Stop And Go Signal,Clear,No,45,48
8978,"34.7826240302,-79.3188628802",Yes,53,50-59,No,K: Killed,Native American,Male,None - Rural Crash,Robeson,Friday,Motorist Overtaking Bicyclist,21,Non-Intersection,August,K: Killed,Motorist Overtaking - Other / Unknown,2011,999,Unknown,Unknown,Unknown,Unknown Injury,Unknown/Missing,Unknown,Unknown,Yes,Dark - Roadway Not Lighted,Rural (<30% Developed),50 - 55  MPH,No Control Present,Cloudy,No,55,53
9013,"35.3249840003,-78.5676767201",Yes,61,60-69,No,K: Killed,Black,Male,None - Rural Crash,Harnett,Monday,Bicyclist Left Turn / Merge,20,Non-Intersection,September,K: Killed,Bicyclist Left Turn - Same Direction,2012,22,20-24,Unknown,Unknown,O: No Injury,White,Male,Pickup,Yes,Dark - Roadway Not Lighted,Mixed (30% To 70% Developed),50 - 55  MPH,No Control Present,Clear,No,55,61
9025,"35.0762025804,-80.6463435905",Yes,31,30-39,No,K: Killed,White,Male,Indian Trail,Union,Saturday,Motorist Overtaking Bicyclist,22,Non-Intersection,March,K: Killed,Motorist Overtaking - Other / Unknown,2013,29,25-29,"Yes-Alcohol, impairment suspected",Yes,O: No Injury,White,Male,Pickup,Yes,Dark - Roadway Not Lighted,Urban (>70% Developed),40 - 45  MPH,"Double Yellow Line, No Passing Zone",Clear,No,45,31
9147,"36.2711738502,-76.2245502302",No,61,60-69,No,K: Killed,Black,Male,None - Rural Crash,Pasquotank,Thursday,Motorist Overtaking Bicyclist,18,Non-Intersection,February,K: Killed,Motorist Overtaking - Undetected Bicyclist,2015,60,60-69,No,No,O: No Injury,White,Male,Pickup,No,Dark - Lighted Roadway,Rural (<30% Developed),40 - 45  MPH,No Control Present,"Snow, Sleet, Hail, Freezing Rain/Drizzle",No,45,61
9166,"35.5750904796,-78.6666419599",Yes,33,30-39,No,K: Killed,White,Male,None - Rural Crash,Wake,Tuesday,Motorist Overtaking Bicyclist,19,Non-Intersection,November,K: Killed,Motorist Overtaking - Other / Unknown,2015,39,30-39,No,No,O: No Injury,White,Male,Pickup,No,Dark - Roadway Not Lighted,Mixed (30% To 70% Developed),50 - 55  MPH,"Double Yellow Line, No Passing Zone",Cloudy,No,55,33
9184,"35.7619432598,-78.9647322197",Yes,36,30-39,No,K: Killed,White,Male,None - Rural Crash,Chatham,Friday,Motorist Overtaking Bicyclist,6,Intersection,October,K: Killed,Motorist Overtaking - Other / Unknown,2016,42,40-49,No,No,O: No Injury,White,Male,Pickup,No,Dark - Roadway Not Lighted,Rural (<30% Developed),50 - 55  MPH,"Double Yellow Line, No Passing Zone",Cloudy,No,55,36
9292,"34.6873929999,-79.0159700002",Yes,60,60-69,.,K: Killed,Native American,Male,Lumberton,Robeson,Saturday,Motorist Overtaking Bicyclist,3,Non-Intersection,May,K: Killed,Motorist Overtaking - Other / Unknown,2008,999,Unknown,.,Missing,Unknown Injury,Unknown/Missing,Unknown,Unknown,Yes,Dark - Lighted Roadway,Urban (>70% Developed),40 - 45  MPH,No Control Present,Clear,No,45,60
9323,"35.986416,-80.2265499996",Yes,51,50-59,.,K: Killed,White,Male,Midway,Davidson,Saturday,Bicyclist Overtaking Motorist,11,Non-Intersection,March,K: Killed,Bicyclist Overtaking - Other / Unknown,2009,63,60-69,.,No,O: No Injury,White,Male,Pickup,No,Daylight,Rural (<30% Developed),50 - 55  MPH,"Double Yellow Line, No Passing Zone",Clear,No,55,51
9442,"36.3622670803,-80.4266674697",Yes,79,70+,No,K: Killed,White,Male,None - Rural Crash,Stokes,Friday,Motorist Overtaking Bicyclist,8,Non-Intersection,June,K: Killed,Motorist Overtaking - Other / Unknown,2012,58,50-59,No,No,O: No Injury,White,Male,Pickup,No,Daylight,Mixed (30% To 70% Developed),50 - 55  MPH,"Double Yellow Line, No Passing Zone",Clear,No,55,79
9484,"34.2358124498,-78.00475682",Yes,74,70+,No,K: Killed,White,Male,Leland,Brunswick,Thursday,Motorist Failed to Yield - Sign-Controlled Intersection,18,Intersection,May,K: Killed,Motorist Drive Out - Sign-Controlled Intersection,2013,20,20-24,No,No,O: No Injury,White,Female,Passenger Car,No,Daylight,Rural (<30% Developed),40 - 45  MPH,Stop Sign,Clear,No,45,74
9497,"36.1552306597,-79.5682441406",Yes,63,60-69,No,K: Killed,White,Male,None - Rural Crash,Guilford,Monday,Bicyclist Left Turn / Merge,19,Non-Intersection,September,K: Killed,Bicyclist Left Turn - Same Direction,2013,33,30-39,No,No,O: No Injury,White,Male,Van,No,Dark - Roadway Not Lighted,Mixed (30% To 70% Developed),50 - 55  MPH,"Double Yellow Line, No Passing Zone",Clear,No,55,63
9573,"34.7416448796,-77.9692005302",Yes,59,50-59,Unknown,K: Killed,White,Male,None - Rural Crash,Duplin,Wednesday,Motorist Overtaking Bicyclist,13,Non-Intersection,February,K: Killed,Motorist Overtaking - Other / Unknown,2014,31,30-39,Unknown,Unknown,O: No Injury,Hispanic,Male,Van,No,Daylight,Mixed (30% To 70% Developed),50 - 55  MPH,No Control Present,Rain,No,55,59
9591,"34.2092870303,-77.8449743101",Yes,38,30-39,"Yes-Alcohol, impairment suspected",K: Killed,Hispanic,Male,Wilmington,New Hanover,Saturday,Motorist Overtaking Bicyclist,23,Intersection,August,K: Killed,Motorist Overtaking - Undetected Bicyclist,2014,47,40-49,No,No,O: No Injury,Black,Male,Taxicab,No,Dark - Lighted Roadway,Urban (>70% Developed),40 - 45  MPH,No Control Present,Clear,No,45,38
9595,"36.0643486096,-78.9048297605",Yes,56,50-59,No,K: Killed,White,Male,Durham,Durham,Wednesday,Motorist Overtaking Bicyclist,9,Intersection-Related,November,K: Killed,Motorist Overtaking - Other / Unknown,2014,999,Unknown,Missing,Missing,Unknown Injury,Unknown/Missing,Unknown,Unknown,Yes,Dark - Lighted Roadway,Urban (>70% Developed),40 - 45  MPH,No Control Present,Clear,No,45,56
9597,"35.4414920098,-79.2159891899",Yes,40,40-49,No,K: Killed,White,Male,None - Rural Crash,Lee,Tuesday,Crossing Paths - Other Circumstances,18,Intersection,January,K: Killed,Signalized Intersection - Other / Unknown,2015,34,30-39,No,No,O: No Injury,White,Male,Pickup,No,Dark - Roadway Not Lighted,Urban (>70% Developed),50 - 55  MPH,Stop And Go Signal,Clear,No,55,40
9598,"35.9254826898,-79.0538750904",Yes,57,50-59,No,K: Killed,White,Female,Chapel Hill,Orange,Friday,Motorist Failed to Yield - Midblock,9,Non-Intersection,October,K: Killed,Motorist Drive Out - Commercial Driveway / Alley,2014,27,25-29,No,No,O: No Injury,White,Female,Sport Utility,No,Daylight,Urban (>70% Developed),Unknown,No Control Present,Clear,No,0,57
9610,"35.7600575998,-81.3343873702",Yes,29,25-29,No,K: Killed,White,Male,Hickory,Catawba,Monday,Head-On,7,Non-Intersection,August,K: Killed,Head-On - Motorist,2015,21,20-24,"Yes-Drugs, impairment suspected",No,O: No Injury,Black,Male,Passenger Car,No,Daylight,Urban (>70% Developed),30 - 35  MPH,No Control Present,Clear,No,35,29
9614,"36.43488012,-76.6109827599",Yes,60,60-69,Unknown,K: Killed,Black,Male,None - Rural Crash,Gates,Monday,Motorist Overtaking Bicyclist,11,Intersection-Related,October,K: Killed,Motorist Overtaking - Other / Unknown,2015,78,70+,No,No,O: No Injury,White,Female,Passenger Car,No,Daylight,Rural (<30% Developed),50 - 55  MPH,"Double Yellow Line, No Passing Zone",Cloudy,No,55,60
9648,"35.1758300003,-80.7123599999",Yes,42,40-49,.,K: Killed,White,Male,Charlotte,Mecklenburg,Tuesday,Motorist Overtaking Bicyclist,8,Non-Intersection,January,K: Killed,Motorist Overtaking - Other / Unknown,2007,27,25-29,.,Yes,O: No Injury,White,Female,Passenger Car,No,Daylight,Urban (>70% Developed),40 - 45  MPH,No Control Present,Clear,No,45,42
9728,"34.9078669996,-79.8139100004",Yes,37,30-39,.,K: Killed,White,Female,None - Rural Crash,Richmond,Wednesday,Motorist Overtaking Bicyclist,17,Non-Intersection,November,K: Killed,Motorist Overtaking - Other / Unknown,2008,20,20-24,.,No,O: No Injury,White,Male,Passenger Car,No,Dark - Roadway Not Lighted,Mixed (30% To 70% Developed),40 - 45  MPH,"Double Yellow Line, No Passing Zone",Cloudy,No,45,37
9730,"35.186127,-81.1468050001",Yes,33,30-39,.,K: Killed,White,Male,None - Rural Crash,Gaston,Saturday,Motorist Overtaking Bicyclist,22,Non-Intersection,December,K: Killed,Motorist Overtaking - Other / Unknown,2008,33,30-39,.,Yes,O: No Injury,White,Female,Passenger Car,No,Dark - Roadway Not Lighted,Rural (<30% Developed),40 - 45  MPH,"Double Yellow Line, No Passing Zone",Cloudy,No,45,33
9739,"35.2807350004,-81.5493599997",Yes,51,50-59,.,K: Killed,Black,Male,Shelby,Cleveland,Friday,Bicyclist Failed to Yield - Midblock,21,Non-Intersection,April,K: Killed,Bicyclist Ride Out - Other Midblock,2009,55,50-59,.,Yes,C: Possible Injury,White,Male,Passenger Car,No,Dark - Roadway Not Lighted,Urban (>70% Developed),40 - 45  MPH,No Control Present,Clear,No,45,51
9775,"35.3732637501,-80.5515248802",Yes,35,30-39,No,K: Killed,White,Male,Concord,Cabarrus,Wednesday,Motorist Overtaking Bicyclist,7,Non-Intersection,March,K: Killed,Motorist Overtaking - Misjudged Space,2010,24,20-24,No,No,O: No Injury,White,Female,Passenger Car,No,Daylight,Urban (>70% Developed),50 - 55  MPH,No Control Present,Clear,No,55,35
9791,"35.9521369203,-80.6087288696",Yes,59,50-59,No,K: Killed,White,Male,None - Rural Crash,Davie,Saturday,Motorist Overtaking Bicyclist,18,Non-Intersection,July,K: Killed,Motorist Overtaking - Other / Unknown,2010,30,30-39,No,No,O: No Injury,White,Male,Pickup,No,Daylight,Rural (<30% Developed),50 - 55  MPH,"Double Yellow Line, No Passing Zone",Cloudy,No,55,59
9899,"36.3563601196,-79.7601039098",Yes,29,25-29,No,K: Killed,White,Male,Wentworth,Rockingham,Saturday,Motorist Overtaking Bicyclist,1,Non-Intersection,December,K: Killed,Motorist Overtaking - Undetected Bicyclist,2012,42,40-49,No,No,O: No Injury,White,Male,Sport Utility,No,Dark - Roadway Not Lighted,Rural (<30% Developed),40 - 45  MPH,"Double Yellow Line, No Passing Zone",Clear,No,45,29
9908,"35.9581566201,-77.7841196799",Yes,45,40-49,Unknown,K: Killed,White,Male,Rocky Mount,Edgecombe,Thursday,Motorist Overtaking Bicyclist,22,Non-Intersection,April,K: Killed,Motorist Overtaking - Undetected Bicyclist,2013,41,40-49,No,No,O: No Injury,Black,Male,Sport Utility,No,Dark - Roadway Not Lighted,Rural (<30% Developed),60 - 75 MPH,No Control Present,Cloudy,No,75,45
9918,"35.0392590399,-77.0253884496",No,60,60-69,No,K: Killed,White,Female,New Bern,Craven,Wednesday,Bicyclist Left Turn / Merge,19,Non-Intersection,June,K: Killed,Bicyclist Left Turn - Same Direction,2013,29,25-29,No,No,O: No Injury,White,Male,Passenger Car,No,Dusk,Urban (>70% Developed),40 - 45  MPH,No Control Present,Clear,No,45,60
10024,"35.2765998298,-78.6276823001",Yes,53,50-59,"Yes-Alcohol, impairment suspected",K: Killed,Black,Male,None - Rural Crash,Harnett,Friday,Head-On,19,Non-Intersection,January,K: Killed,Head-On - Bicyclist,2015,22,20-24,No,No,C: Possible Injury,White,Male,Passenger Car,No,Dark - Roadway Not Lighted,Rural (<30% Developed),50 - 55  MPH,"Double Yellow Line, No Passing Zone",Rain,No,55,53
10032,"35.8568093603,-78.8428685405",Yes,56,50-59,"Yes-Alcohol, impairment suspected",K: Killed,White,Male,Morrisville,Wake,Friday,Motorist Overtaking Bicyclist,22,Intersection,July,K: Killed,Motorist Overtaking - Undetected Bicyclist,2015,79,70+,No,No,O: No Injury,White,Male,Van,No,Dark - Roadway Not Lighted,Urban (>70% Developed),40 - 45  MPH,Stop And Go Signal,Clear,No,45,56
10062,"34.71786357,-77.4913894903",Yes,13,11-15,No,K: Killed,Black,Male,None - Rural Crash,Onslow,Monday,Bicyclist Failed to Yield - Sign-Controlled Intersection,18,Intersection,July,K: Killed,Bicyclist Ride Through - Sign-Controlled Intersection,2016,23,20-24,No,No,O: No Injury,Black,Male,Passenger Car,No,Daylight,Rural (<30% Developed),50 - 55  MPH,Stop Sign,Clear,No,55,13
10089,"34.8830879503,-78.9754993701",Yes,70,70+,No,K: Killed,White,Male,None - Rural Crash,Robeson,Friday,Bicyclist Left Turn / Merge,15,Non-Intersection,May,K: Killed,Bicyclist Left Turn - Same Direction,2017,26,25-29,No,No,C: Possible Injury,White,Male,Van,No,Daylight,Rural (<30% Developed),50 - 55  MPH,No Control Present,Clear,No,55,70
10375,"35.0721080802,-77.3494729996",Yes,46,40-49,Unknown,K: Killed,Black,Male,None - Rural Crash,Jones,Tuesday,Motorist Overtaking Bicyclist,20,Non-Intersection,April,K: Killed,Motorist Overtaking - Other / Unknown,2013,21,20-24,No,No,O: No Injury,Black,Male,Passenger Car,No,Dark - Roadway Not Lighted,Rural (<30% Developed),40 - 45  MPH,No Control Present,Clear,No,45,46
10385,"36.0253595596,-78.9359474797",Yes,36,30-39,No,K: Killed,White,Male,Durham,Durham,Wednesday,Motorist Overtaking Bicyclist,15,Non-Intersection,July,K: Killed,Motorist Overtaking - Other / Unknown,2013,27,25-29,No,No,O: No Injury,Black,Male,Passenger Car,Yes,Dark - Roadway Not Lighted,Urban (>70% Developed),30 - 35  MPH,No Control Present,Clear,No,35,36
10491,"35.8418914802,-75.6506164397",Yes,64,60-69,No,K: Killed,White,Male,None - Rural Crash,Dare,Sunday,Bicyclist Failed to Yield - Sign-Controlled Intersection,15,Intersection,March,K: Killed,Bicyclist Ride Through - Sign-Controlled Intersection,2014,54,50-59,No,No,O: No Injury,White,Male,Passenger Car,No,Daylight,Mixed (30% To 70% Developed),30 - 35  MPH,Stop Sign,Clear,No,35,64
10607,"34.9624711067,-78.2781503804",Yes,56,50-59,"Yes-Alcohol, impairment suspected",K: Killed,Black,Male,None - Rural Crash,Sampson,Tuesday,Motorist Overtaking Bicyclist,21,Non-Intersection,September,K: Killed,Motorist Overtaking - Other / Unknown,2018,18,0-19,No,No,O: No Injury,White,Male,Pickup,No,Dark - Roadway Not Lighted,Rural (<30% Developed),50 - 55  MPH,"Double Yellow Line, No Passing Zone",Clear,No,55,56
10659,"35.7999998539,-80.0959001898",Yes,38,30-39,Unknown,K: Killed,White,Male,None - Rural Crash,Davidson,Tuesday,Motorist Overtaking Bicyclist,7,Non-Intersection,August,K: Killed,Motorist Overtaking - Other / Unknown,2018,999,Unknown,Unknown,Unknown,Unknown Injury,Unknown/Missing,Unknown,Unknown,Yes,Daylight,Rural (<30% Developed),50 - 55  MPH,"Double Yellow Line, No Passing Zone",Clear,No,55,38
10665,"35.2206052209,-80.8509558303",Yes,40,40-49,Missing,K: Killed,White,Male,Charlotte,Mecklenburg,Wednesday,Motorist Overtaking Bicyclist,0,Non-Intersection,November,K: Killed,Motorist Overtaking - Bicyclist Swerved,2018,38,30-39,No,No,C: Possible Injury,Black,Female,Sport Utility,No,Dark - Lighted Roadway,Urban (>70% Developed),30 - 35  MPH,No Control Present,Clear,No,35,40
10746,"36.2965200002,-79.4862600004",Yes,55,50-59,.,K: Killed,White,Male,None - Rural Crash,Caswell,Saturday,Head-On,6,Non-Intersection,September,K: Killed,Head-On - Bicyclist,2008,31,30-39,.,No,O: No Injury,White,Female,Pickup,No,Dark - Roadway Not Lighted,Rural (<30% Developed),50 - 55  MPH,"Double Yellow Line, No Passing Zone",Clear,No,55,55
10751,"35.9662320003,-77.8169100001",Yes,45,40-49,.,K: Killed,White,Male,Rocky Mount,Nash,Tuesday,Head-On,20,Non-Intersection,September,K: Killed,Head-On - Bicyclist,2008,52,50-59,.,No,O: No Injury,Hispanic,Male,Van,No,Dark - Lighted Roadway,Urban (>70% Developed),40 - 45  MPH,Stop And Go Signal,Clear,No,45,45
10780,"35.322243,-78.5695100001",Yes,16,16-19,.,K: Killed,White,Male,None - Rural Crash,Harnett,Saturday,Motorist Overtaking Bicyclist,18,Non-Intersection,November,K: Killed,Motorist Overtaking - Bicyclist Swerved,2009,17,0-19,.,No,O: No Injury,White,Male,Pickup,No,Dark - Roadway Not Lighted,Rural (<30% Developed),50 - 55  MPH,"Double Yellow Line, No Passing Zone",Clear,No,55,16
10820,"34.7562473899,-76.84733164",Yes,69,60-69,No,K: Killed,White,Male,None - Rural Crash,Carteret,Thursday,Loss of Control / Turning Error,9,Non-Intersection,November,K: Killed,Motorist Lost Control - Other / Unknown,2010,42,40-49,No,No,O: No Injury,White,Male,Pickup,No,Daylight,Mixed (30% To 70% Developed),50 - 55  MPH,No Control Present,Clear,No,55,69
10867,"34.50988174,-77.4338195796",Yes,60,60-69,No,K: Killed,White,Male,None - Rural Crash,Onslow,Sunday,Motorist Left Turn / Merge,10,Intersection,June,K: Killed,Motorist Left Turn - Opposite Direction,2012,65,60-69,No,No,O: No Injury,White,Male,Passenger Car,No,Daylight,Mixed (30% To 70% Developed),40 - 45  MPH,No Control Present,Clear,No,45,60
10887,"34.7595850799,-77.4027572204",Yes,58,50-59,No,K: Killed,White,Male,Jacksonville,Onslow,Wednesday,Motorist Overtaking Bicyclist,16,Non-Intersection,December,K: Killed,Motorist Overtaking - Other / Unknown,2012,89,70+,No,No,O: No Injury,White,Male,Sport Utility,No,Daylight,Urban (>70% Developed),30 - 35  MPH,No Control Present,Clear,No,35,58
10992,"36.0359736199,-79.8002739402",Yes,71,70+,No,K: Killed,Black,Male,Greensboro,Guilford,Friday,Crossing Paths - Other Circumstances,10,Intersection,June,K: Killed,Crossing Paths - Uncontrolled Intersection,2014,57,50-59,No,No,O: No Injury,Black,Male,"Single Unit Truck (2-Axle, 6-Tire)",No,Daylight,Urban (>70% Developed),5 - 15 MPH,No Control Present,Clear,No,15,71
11002,"36.5311395502,-76.1840679804",Yes,36,30-39,"Yes-Alcohol, impairment suspected",K: Killed,Black,Male,None - Rural Crash,Currituck,Thursday,Bicyclist Failed to Yield - Sign-Controlled Intersection,20,Intersection,October,K: Killed,Bicyclist Ride Through - Sign-Controlled Intersection,2014,72,70+,Unknown,Unknown,O: No Injury,White,Male,Passenger Car,No,Dark - Lighted Roadway,Mixed (30% To 70% Developed),30 - 35  MPH,Stop Sign,Clear,No,35,36
11026,"34.5593964002,-77.9559319395",Yes,34,30-39,"Yes-Alcohol, impairment suspected",K: Killed,White,Female,None - Rural Crash,Pender,Tuesday,Motorist Overtaking Bicyclist,20,Non-Intersection,March,K: Killed,Motorist Overtaking - Undetected Bicyclist,2016,86,70+,No,No,O: No Injury,White,Male,Pickup,No,Dark - Roadway Not Lighted,Rural (<30% Developed),40 - 45  MPH,No Control Present,Clear,No,45,34
11051,"34.4407990101,-78.0854534697",Yes,23,20-24,No,C: Possible Injury,White,Female,None - Rural Crash,Pender,Sunday,Motorist Overtaking Bicyclist,17,Non-Intersection,December,K: Killed,Motorist Overtaking - Undetected Bicyclist,2016,36,30-39,No,No,O: No Injury,White,Male,Pickup,No,Dark - Roadway Not Lighted,Rural (<30% Developed),50 - 55  MPH,No Control Present,Clear,No,55,23
11091,"35.2960585809,-80.7261517304",Yes,18,16-19,Missing,K: Killed,Black,Male,Charlotte,Mecklenburg,Saturday,Bicyclist Failed to Yieldâ€”Midblock,1,Non-Intersection,August,K: Killed,Bicyclist Ride Out - Other Midblock,2018,24,20-24,"Yes-Alcohol, impairment detected",Yes,C: Possible Injury,Hispanic,Male,Passenger Car,No,Dark - Lighted Roadway,Urban (>70% Developed),40 - 45  MPH,No Control Present,Cloudy,No,45,18
11095,"34.7932237337,-76.8773299597",Yes,20,20-24,No,K: Killed,White,Male,None - Rural Crash,Carteret,Friday,Crossing Pathsâ€”Other Circumstances,20,Intersection,September,K: Killed,Sign-Controlled Intersection - Other / Unknown,2018,28,25-29,No,No,O: No Injury,Black,Female,Passenger Car,No,Dark - Roadway Not Lighted,Mixed (30% To 70% Developed),50 - 55  MPH,Stop Sign,Rain,No,55,20
11149,"35.2810199998,-81.5497739998",Yes,46,40-49,.,K: Killed,White,Male,Shelby,Cleveland,Monday,Bicyclist Failed to Yield - Signalized Intersection,20,Intersection,December,K: Killed,Bicyclist Ride Through - Signalized Intersection,2007,70+,70+,.,No,O: No Injury,White,Male,Passenger Car,No,Dark - Roadway Not Lighted,Urban (>70% Developed),40 - 45  MPH,Stop And Go Signal,Clear,No,45,46
11169,"36.1046329996,-78.9919299997",Yes,59,50-59,.,K: Killed,White,Male,None - Rural Crash,Orange,Tuesday,Loss of Control / Turning Error,8,Non-Intersection,June,K: Killed,Motorist Lost Control - Other / Unknown,2008,26,25-29,.,No,C: Possible Injury,White,Male,Sport Utility,No,Daylight,Rural (<30% Developed),50 - 55  MPH,"Double Yellow Line, No Passing Zone",Clear,No,55,59
11190,"34.8811399996,-77.9744399999",Yes,37,30-39,.,B: Suspected Minor Injury,Black,Female,None - Rural Crash,Duplin,Thursday,Head-On,22,Non-Intersection,August,K: Killed,Head-On - Bicyclist,2008,57,50-59,.,Yes,K: Killed,Black,Male,Pedalcycle,No,Dark - Roadway Not Lighted,Rural (<30% Developed),Unknown,No Control Present,Clear,No,0,37
11219,"36.0501139999,-80.1310100005",Yes,14,11-15,.,K: Killed,White,Male,Winston-Salem,Forsyth,Sunday,Motorist Overtaking Bicyclist,7,Non-Intersection,July,K: Killed,Motorist Overtaking - Other / Unknown,2009,18,0-19,.,No,O: No Injury,Hispanic,Female,Passenger Car,No,Dark - Roadway Not Lighted,Urban (>70% Developed),60 - 75 MPH,No Control Present,Clear,No,75,14
11256,"36.4288633003,-78.4348211304",Yes,48,40-49,No,K: Killed,Black,Male,None - Rural Crash,Vance,Tuesday,Head-On,21,Non-Intersection,August,K: Killed,Head-On - Bicyclist,2010,42,40-49,No,No,O: No Injury,Black,Female,Passenger Car,No,Dark - Roadway Not Lighted,Rural (<30% Developed),40 - 45  MPH,No Control Present,Clear,No,45,48
